src,dst,avg_qty,avg_cost,lead_time_days,delay_variance,order_freq_per_qtr,transport_mode,is_anomaly,anomaly_type
0,61,534.29,8998.07,3.17,0.633,18,Air,0,NONE
2,63,367.18,5606.12,7.35,0.021,8,Road,0,NONE
2,65,226.98,4095.9,4.15,0.905,10,Air,0,NONE
2,67,623.77,11107.65,5.81,0.543,9,Rail,0,NONE
3,76,303.55,5443.67,7.79,1.851,5,Sea,0,NONE
3,81,952.29,15106.33,4.53,1.101,13,Air,0,NONE
3,90,418.74,9730.56,5.49,0.438,11,Rail,0,NONE
3,97,777.27,17465.74,0.5,0.718,17,Sea,0,NONE
3,99,448.48,8026.33,6.79,0.037,11,Air,0,NONE
4,60,0.84,17360.47,4.79,0.136,9,Rail,1,GHOST_SHIPMENT
4,69,0.71,28721.82,5.12,0.357,8,Road,1,GHOST_SHIPMENT
4,75,370.06,5908.78,3.5,0.046,8,Rail,0,NONE
4,90,446.65,6801.83,8.23,0.239,9,Sea,0,NONE
4,93,153.57,3618.6,5.67,2.834,20,Sea,0,NONE
5,69,2.58,37959.94,6.02,0.042,13,Rail,1,GHOST_SHIPMENT
5,73,375.44,5046.18,6.4,1.807,12,Air,0,NONE
5,76,638.92,15562.03,6.16,0.376,11,Rail,0,NONE
5,81,288.99,2747.68,3.81,0.103,13,Road,0,NONE
5,93,337.68,7549.52,6.41,0.03,14,Rail,0,NONE
5,97,2.45,17955.47,5.04,0.241,14,Road,1,GHOST_SHIPMENT
6,83,225.56,4145.84,5.96,0.134,13,Road,0,NONE
6,89,378.54,3698.27,4.21,0.846,10,Rail,0,NONE
7,74,386.59,8926.69,3.98,0.346,8,Road,0,NONE
9,80,0.5,32803.43,6.08,0.404,14,Sea,1,GHOST_SHIPMENT
9,101,236.23,4674.62,0.66,0.965,13,Sea,1,ROUTE_HIJACK
10,62,536.98,5387.61,5.44,0.999,16,Road,0,NONE
10,77,616.51,6508.55,4.3,0.721,13,Sea,0,NONE
10,87,484.92,8880.86,7.39,2.179,19,Rail,0,NONE
10,95,381.52,7122.02,4.33,0.438,16,Road,0,NONE
12,85,646.34,10694.52,5.49,0.387,13,Air,0,NONE
13,61,304.14,4791.13,3.89,1.23,9,Sea,0,NONE
13,85,480.54,10286.54,4.31,0.229,16,Rail,0,NONE
14,60,423.66,3537.56,6.52,2.803,17,Sea,0,NONE
14,66,473.91,11337.9,3.63,0.118,11,Air,0,NONE
14,75,489.78,4618.56,7.04,0.966,7,Air,0,NONE
14,90,178.51,4306.29,4.18,1.623,13,Air,0,NONE
15,69,662.01,11106.62,6.24,0.312,16,Air,0,NONE
15,81,354.26,7340.32,4.67,0.163,10,Air,0,NONE
15,84,520.74,7811.7,5.87,1.42,22,Air,0,NONE
15,99,167.12,3278.2,2.45,4.681,12,Rail,0,NONE
16,72,719.98,12437.99,3.14,2.271,18,Sea,0,NONE
16,74,622.68,13360.81,3.21,1.247,7,Air,0,NONE
16,91,228.49,2629.76,7.43,0.875,12,Air,0,NONE
17,91,507.91,8349.14,2.47,1.179,8,Sea,0,NONE
18,89,254.4,5131.62,4.87,0.201,10,Sea,0,NONE
19,72,438.49,10048.98,3.96,1.063,16,Road,0,NONE
19,80,370.8,5860.54,6.19,3.131,13,Air,0,NONE
19,91,240.48,5753.77,3.71,0.025,10,Air,0,NONE
20,66,175.67,3573.33,6.79,1.819,14,Rail,0,NONE
20,84,718.41,7745.95,5.59,0.875,13,Rail,0,NONE
20,97,314.62,6247.4,6.51,1.118,18,Road,0,NONE
21,80,190.23,1938.6,6.0,0.11,9,Road,0,NONE
22,64,370.14,4753.4,2.49,0.03,14,Road,0,NONE
22,77,130.74,2567.8,5.54,0.142,14,Road,0,NONE
22,78,354.87,7743.09,4.92,6.538,17,Air,0,NONE
22,87,291.77,7219.09,8.81,0.407,6,Rail,0,NONE
22,95,685.05,9610.23,3.49,0.213,5,Sea,0,NONE
22,96,593.66,7370.77,4.95,0.068,10,Sea,0,NONE
23,76,413.42,7199.85,5.02,2.787,13,Air,0,NONE
23,84,339.33,8127.58,5.73,1.475,9,Rail,0,NONE
23,97,242.23,4267.51,5.88,1.277,17,Rail,0,NONE
23,99,307.4,6612.66,3.47,0.069,15,Sea,0,NONE
24,62,224.69,4963.02,2.63,0.353,11,Rail,0,NONE
24,77,894.05,10011.63,3.79,0.498,11,Sea,0,NONE
24,78,247.76,4173.51,4.54,1.184,13,Rail,0,NONE
24,87,471.4,3808.33,3.48,0.617,19,Road,0,NONE
24,95,269.95,4512.42,4.04,0.199,11,Air,0,NONE
25,74,432.2,7670.96,4.8,0.799,12,Air,0,NONE
26,67,332.51,4039.28,3.87,2.89,12,Road,0,NONE
26,68,301.36,5263.46,6.28,2.201,15,Rail,0,NONE
26,82,371.96,6371.93,7.22,0.707,16,Road,0,NONE
26,88,345.61,7171.26,5.3,0.184,9,Rail,0,NONE
27,71,447.79,4119.48,6.36,0.823,20,Road,0,NONE
27,85,244.88,5133.15,4.48,1.377,8,Sea,0,NONE
28,90,1.51,33223.48,5.29,0.256,13,Sea,1,GHOST_SHIPMENT
29,62,432.19,10708.38,4.42,1.184,9,Air,0,NONE
29,78,217.55,3982.31,4.79,0.208,15,Rail,0,NONE
29,94,640.6,13735.85,6.55,1.737,14,Air,0,NONE
29,95,219.57,3353.37,7.33,0.197,7,Sea,0,NONE
29,96,205.03,2422.5,5.3,0.719,14,Rail,0,NONE
30,63,322.39,3828.38,6.01,0.446,12,Road,0,NONE
31,68,414.69,4305.03,3.79,0.584,15,Sea,0,NONE
31,70,318.5,5521.73,4.52,1.003,15,Sea,0,NONE
31,79,303.29,4233.97,4.49,0.713,12,Air,0,NONE
31,86,210.65,5023.17,7.67,2.046,15,Air,0,NONE
31,92,782.33,11059.39,3.02,0.625,16,Air,0,NONE
32,84,153.52,2106.59,4.1,0.915,16,Sea,0,NONE
32,90,196.17,3537.95,6.13,0.421,13,Sea,0,NONE
32,93,335.58,7529.24,4.89,0.2,19,Rail,0,NONE
33,81,383.35,3323.03,1.58,1.285,14,Sea,0,NONE
33,93,291.06,2709.28,3.44,1.032,6,Rail,0,NONE
34,67,352.29,8589.35,6.11,1.534,11,Rail,0,NONE
34,68,680.9,13572.74,5.01,1.271,18,Road,0,NONE
34,82,271.8,3491.72,4.27,0.152,18,Road,0,NONE
34,92,571.23,9381.53,4.06,0.226,15,Air,0,NONE
35,85,2.12,17585.85,5.25,0.326,14,Air,1,GHOST_SHIPMENT
36,89,464.45,9418.45,5.35,0.405,15,Rail,0,NONE
37,62,483.24,10202.02,6.33,0.062,11,Rail,0,NONE
37,95,226.01,5437.95,8.46,0.146,20,Road,0,NONE
38,83,0.53,28507.49,4.13,0.15,14,Air,1,GHOST_SHIPMENT
39,67,515.2,6971.57,3.57,1.098,15,Road,0,NONE
39,68,182.27,3968.39,3.59,1.614,19,Air,0,NONE
39,70,873.29,10664.08,6.55,0.352,16,Air,0,NONE
39,105,358.32,4933.46,1.0,0.564,9,Road,1,ROUTE_HIJACK
40,82,310.2,5887.84,4.0,0.677,14,Sea,0,NONE
40,98,717.69,6992.2,5.26,0.056,11,Sea,0,NONE
41,91,715.83,6298.18,5.78,0.069,14,Sea,0,NONE
41,106,181.07,2417.93,0.89,0.081,12,Air,1,ROUTE_HIJACK
41,105,828.02,10956.44,0.43,0.761,14,Air,1,ROUTE_HIJACK
42,63,250.32,5441.38,4.25,0.803,13,Rail,0,NONE
42,67,217.16,5258.9,5.72,1.971,12,Air,0,NONE
42,86,535.74,5651.3,6.14,1.018,14,Sea,0,NONE
42,88,330.06,4991.1,4.65,0.695,14,Sea,0,NONE
43,61,286.93,3127.28,5.17,0.054,20,Road,0,NONE
43,85,305.2,4477.8,4.62,0.378,13,Road,0,NONE
43,89,76.54,849.04,2.89,0.826,12,Road,0,NONE
44,62,433.56,3936.92,6.46,0.298,11,Road,0,NONE
44,64,317.18,4280.2,3.8,0.585,15,Sea,0,NONE
44,87,154.15,3165.93,2.75,0.482,9,Road,0,NONE
44,96,1.45,30178.38,5.82,0.64,7,Air,1,GHOST_SHIPMENT
45,80,213.52,4963.44,5.73,0.514,15,Road,0,NONE
46,71,732.47,6423.91,2.85,0.376,14,Road,0,NONE
46,83,2.63,38940.79,4.15,0.443,13,Air,1,GHOST_SHIPMENT
47,94,170.95,3896.3,6.07,1.283,16,Sea,0,NONE
47,96,288.88,6651.28,4.44,1.136,15,Sea,0,NONE
48,61,278.91,5475.53,6.42,0.464,8,Sea,0,NONE
50,82,218.32,2191.06,4.02,1.77,14,Air,0,NONE
51,72,295.42,6606.44,5.31,0.019,17,Sea,0,NONE
51,91,261.43,3374.51,7.01,0.282,14,Rail,0,NONE
52,65,341.07,5566.44,5.45,3.395,10,Road,0,NONE
52,70,252.44,6150.62,4.83,1.446,15,Air,0,NONE
52,82,351.66,4262.82,3.57,0.251,12,Rail,0,NONE
52,86,291.52,7026.79,5.42,0.564,14,Road,0,NONE
52,88,1.39,21362.03,3.8,4.614,13,Sea,1,GHOST_SHIPMENT
53,72,477.03,11848.81,3.93,0.426,12,Road,0,NONE
54,66,532.31,9282.68,3.15,0.603,10,Sea,0,NONE
54,69,255.07,2196.39,4.64,0.501,13,Road,0,NONE
54,75,297.7,7374.93,5.35,0.375,12,Sea,0,NONE
54,97,705.53,7189.91,6.81,0.14,13,Sea,0,NONE
55,61,298.84,5056.56,4.3,0.452,11,Rail,0,NONE
55,89,348.94,6142.09,7.08,0.465,12,Road,0,NONE
57,66,426.31,4575.87,3.93,0.637,15,Air,0,NONE
57,73,476.09,7280.78,4.7,1.112,16,Road,0,NONE
57,75,269.91,5725.09,7.04,0.654,12,Rail,0,NONE
58,63,177.9,4168.06,6.56,0.229,12,Road,0,NONE
58,65,1.91,27861.53,6.16,0.8,14,Sea,1,GHOST_SHIPMENT
58,70,333.79,5459.99,7.81,0.513,9,Road,0,NONE
58,79,854.72,12700.45,7.63,0.115,14,Sea,0,NONE
58,86,235.57,2892.89,3.41,1.913,14,Rail,0,NONE
58,98,389.1,3820.41,5.37,2.637,11,Rail,0,NONE
61,113,669.27,10059.35,4.8,0.914,9,Sea,0,NONE
61,114,900.47,22324.89,5.62,0.414,12,Sea,0,NONE
61,120,362.61,3523.76,4.42,0.57,14,Air,0,NONE
62,105,356.88,3041.02,4.61,1.622,15,Sea,0,NONE
62,121,520.5,10891.4,5.16,0.194,22,Air,0,NONE
62,124,645.78,7199.4,6.78,0.246,23,Air,0,NONE
63,126,551.52,6725.01,4.69,1.288,10,Rail,0,NONE
64,118,373.07,8095.79,4.0,0.068,12,Air,0,NONE
64,122,583.43,5048.56,4.87,0.811,14,Sea,0,NONE
64,124,511.88,9530.77,3.12,0.104,14,Road,0,NONE
65,103,491.75,9839.88,5.09,0.988,16,Air,0,NONE
65,108,645.76,5792.82,6.09,0.032,8,Sea,0,NONE
68,103,272.32,2549.44,5.17,1.36,12,Air,0,NONE
69,109,374.94,6285.94,8.13,0.12,15,Sea,0,NONE
69,102,496.83,2560.24,6.06,0.745,109,Road,1,FRAUD_RING
69,115,502.63,8351.01,4.94,0.011,81,Air,1,FRAUD_RING
69,114,501.54,8892.7,1.69,0.872,115,Road,1,FRAUD_RING
71,113,346.49,3401.43,2.61,2.636,13,Sea,0,NONE
71,115,163.83,2238.12,6.04,1.049,13,Air,0,NONE
71,129,266.62,5781.56,6.17,0.552,7,Air,0,NONE
72,101,317.14,6724.09,5.85,1.145,14,Air,0,NONE
72,102,176.64,2345.09,4.58,0.06,12,Road,0,NONE
72,104,562.79,11501.71,4.02,1.643,11,Air,0,NONE
72,111,576.45,9698.5,4.32,0.334,12,Rail,0,NONE
72,119,486.91,10357.94,3.97,4.218,9,Rail,0,NONE
72,123,556.27,9352.54,5.69,0.574,15,Sea,0,NONE
72,125,554.39,8775.54,5.74,1.198,15,Air,0,NONE
72,127,244.79,4521.76,4.23,1.225,13,Rail,0,NONE
73,110,438.21,9184.42,4.55,1.362,8,Rail,0,NONE
73,117,483.3,11564.51,2.25,0.405,12,Road,0,NONE
74,102,369.44,6207.01,4.63,0.027,7,Rail,0,NONE
74,111,155.22,2226.69,7.46,0.773,13,Air,0,NONE
74,119,189.42,1598.45,5.76,0.453,11,Air,0,NONE
74,123,268.03,5408.21,3.8,0.281,11,Road,0,NONE
74,125,515.28,12747.72,4.86,1.036,17,Sea,0,NONE
75,100,416.99,7955.4,6.43,0.513,23,Road,0,NONE
75,109,271.79,6046.79,5.23,0.55,14,Sea,0,NONE
75,110,456.47,8705.41,5.45,5.953,12,Air,0,NONE
75,116,200.32,2121.55,6.82,0.589,14,Rail,0,NONE
76,100,509.62,12314.79,4.67,2.3,12,Sea,0,NONE
76,110,257.56,4543.22,5.85,0.414,11,Sea,0,NONE
77,105,152.84,2121.58,2.66,1.034,13,Rail,0,NONE
77,107,419.0,8386.47,4.48,0.03,16,Road,0,NONE
77,112,479.51,4327.39,4.72,0.086,13,Air,0,NONE
77,118,468.19,11063.07,5.38,1.525,12,Air,0,NONE
77,122,301.6,7310.91,4.0,0.932,12,Air,0,NONE
78,105,161.8,3310.81,5.6,1.918,9,Rail,0,NONE
78,112,369.9,6314.63,7.08,1.341,18,Air,0,NONE
78,118,403.58,8475.91,5.02,0.407,9,Rail,0,NONE
80,101,456.17,10790.54,6.87,0.525,8,Rail,0,NONE
80,102,506.37,4708.78,8.6,0.97,80,Rail,1,FRAUD_RING
80,106,266.94,2956.78,4.96,0.227,18,Road,0,NONE
80,125,213.29,4922.26,2.99,1.354,19,Sea,0,NONE
80,127,496.95,6557.39,3.77,1.024,18,Rail,0,NONE
80,115,502.06,11360.2,3.91,0.087,103,Air,1,FRAUD_RING
80,114,502.51,6541.28,7.67,1.171,89,Air,1,FRAUD_RING
81,100,208.13,2635.23,4.93,1.796,10,Air,0,NONE
82,108,382.38,5114.24,4.12,0.128,14,Rail,0,NONE
83,113,397.91,5963.72,3.13,1.213,12,Sea,0,NONE
83,114,255.14,6340.51,5.85,0.256,7,Rail,0,NONE
83,115,263.41,5691.15,5.35,1.697,15,Sea,0,NONE
83,120,338.37,5089.2,5.81,1.173,13,Sea,0,NONE
83,129,285.95,6103.09,6.42,0.583,12,Sea,0,NONE
84,116,235.76,4916.64,6.97,1.27,19,Air,0,NONE
85,114,265.93,4947.84,8.33,0.147,10,Air,0,NONE
85,128,115.77,1738.3,2.71,1.265,7,Sea,0,NONE
86,108,316.17,7066.66,5.54,1.622,10,Air,0,NONE
87,105,837.13,12698.58,5.98,1.948,10,Road,0,NONE
87,121,211.46,3661.51,6.79,0.083,13,Sea,0,NONE
87,124,557.74,12158.67,3.72,0.33,19,Road,0,NONE
88,102,495.87,3577.71,9.3,0.735,108,Air,1,FRAUD_RING
88,115,494.36,17341.59,5.37,0.903,90,Sea,1,FRAUD_RING
88,114,496.85,5116.91,7.15,1.044,102,Sea,1,FRAUD_RING
89,113,454.75,3973.59,5.71,0.736,10,Rail,0,NONE
89,114,197.67,3738.65,6.45,0.211,12,Rail,0,NONE
89,115,731.39,8236.69,3.35,0.351,7,Air,0,NONE
89,120,403.57,6844.36,3.43,1.741,12,Rail,0,NONE
89,128,636.8,12048.02,5.19,0.659,14,Air,0,NONE
90,109,349.73,8564.25,5.41,0.469,18,Sea,0,NONE
91,101,464.86,7119.42,4.94,0.053,14,Road,0,NONE
91,102,368.96,4781.12,6.18,1.211,8,Rail,0,NONE
91,104,295.8,5678.72,9.45,1.016,9,Road,0,NONE
91,106,614.89,8674.24,3.27,0.397,23,Road,0,NONE
91,111,665.12,8991.1,3.08,0.951,12,Sea,0,NONE
91,119,382.74,3749.45,3.19,0.773,15,Road,0,NONE
91,125,438.92,6735.3,8.08,2.293,10,Sea,0,NONE
91,127,212.46,1827.19,3.82,2.537,12,Road,0,NONE
92,126,358.69,7995.79,5.46,0.714,13,Road,0,NONE
93,110,440.02,3747.5,5.3,0.903,10,Road,0,NONE
94,107,436.47,4751.41,1.86,1.412,12,Air,0,NONE
95,107,431.26,5834.23,4.3,2.8,12,Road,0,NONE
95,112,477.3,6311.84,5.27,0.298,14,Air,0,NONE
95,118,572.36,7946.48,5.08,1.383,19,Road,0,NONE
95,124,293.06,4986.39,4.03,3.128,14,Rail,0,NONE
96,122,346.6,7117.48,1.55,0.401,13,Road,0,NONE
98,103,267.44,4719.84,6.48,0.179,9,Sea,0,NONE
98,126,751.54,14813.69,5.49,1.145,9,Rail,0,NONE
99,116,820.89,19930.94,5.81,0.179,13,Air,0,NONE
99,117,398.36,4051.81,5.76,0.987,10,Air,0,NONE
100,136,400.28,6500.48,5.65,0.496,12,Air,0,NONE
100,141,315.56,5052.15,4.75,0.354,13,Sea,0,NONE
100,148,188.52,4621.72,4.67,0.175,14,Sea,0,NONE
100,174,250.0,3234.68,3.11,0.508,18,Sea,0,NONE
100,179,391.93,7000.54,5.88,0.582,16,Rail,0,NONE
100,189,347.03,6562.23,4.18,0.891,14,Air,0,NONE
100,190,145.45,2787.51,4.81,2.767,14,Road,0,NONE
100,196,286.19,2396.09,6.29,0.287,13,Rail,0,NONE
100,202,453.37,6647.16,3.79,1.808,10,Air,0,NONE
100,208,672.17,7605.35,6.05,1.769,16,Sea,0,NONE
100,211,420.18,6449.65,4.19,0.025,10,Air,0,NONE
100,217,154.17,2761.76,5.81,0.719,11,Road,0,NONE
100,234,451.38,4934.88,8.12,0.671,11,Air,0,NONE
101,142,432.24,4742.98,4.4,1.451,11,Air,0,NONE
101,145,389.44,5101.07,6.43,1.783,9,Rail,0,NONE
101,176,358.85,4379.74,3.14,0.819,15,Air,0,NONE
101,194,438.91,5364.55,5.85,0.193,10,Rail,0,NONE
101,237,325.65,6346.66,3.82,0.859,7,Sea,0,NONE
102,145,753.86,16213.86,5.12,4.312,17,Air,0,NONE
102,146,416.06,5570.28,7.21,0.737,18,Rail,0,NONE
102,169,409.58,3612.17,4.57,0.357,21,Sea,0,NONE
102,197,327.17,3649.89,4.58,0.873,15,Road,0,NONE
103,131,420.4,7563.95,4.27,0.326,17,Rail,0,NONE
103,132,340.65,3191.93,4.96,0.459,15,Road,0,NONE
103,139,245.34,3117.58,4.18,1.795,15,Sea,0,NONE
103,144,352.91,7262.38,4.67,1.563,11,Air,0,NONE
103,155,269.02,3849.6,7.38,0.933,12,Air,0,NONE
103,159,297.55,4626.46,4.69,0.411,14,Road,0,NONE
103,175,159.65,2888.23,5.69,0.061,22,Road,0,NONE
103,182,543.35,7773.18,5.87,1.858,16,Air,0,NONE
103,192,476.98,8580.36,5.51,0.966,15,Air,0,NONE
103,205,596.69,6634.34,4.06,1.545,18,Sea,0,NONE
103,209,182.84,3626.55,5.05,0.386,16,Sea,0,NONE
103,224,385.12,5533.13,5.67,1.279,12,Air,0,NONE
103,232,554.02,11335.84,5.16,0.86,19,Sea,0,NONE
103,242,191.48,3310.64,5.86,0.432,9,Rail,0,NONE
103,125,299.41,6721.61,0.63,0.175,8,Air,1,ROUTE_HIJACK
104,169,677.14,7339.0,6.39,0.999,15,Road,0,NONE
104,247,188.84,4386.02,6.16,0.282,10,Air,0,NONE
105,167,207.11,2612.53,5.1,0.549,11,Road,0,NONE
105,172,197.53,2586.91,2.8,0.832,12,Air,0,NONE
105,183,310.83,5175.66,5.38,0.369,19,Rail,0,NONE
105,185,493.89,7145.97,5.13,0.142,16,Air,0,NONE
105,210,214.64,4039.08,6.34,0.314,10,Air,0,NONE
105,223,304.68,4544.5,6.55,0.318,12,Sea,0,NONE
105,225,314.41,2518.78,5.81,1.636,16,Rail,0,NONE
105,226,289.57,3156.93,7.08,0.025,10,Road,0,NONE
105,240,415.26,9284.83,4.63,0.452,12,Road,0,NONE
105,243,146.95,2535.13,7.24,0.258,15,Air,0,NONE
106,130,504.04,7751.32,4.88,0.729,19,Air,0,NONE
106,142,471.46,7880.58,3.5,0.027,11,Air,0,NONE
106,151,362.95,5506.31,6.25,1.002,14,Rail,0,NONE
106,173,435.0,7756.55,3.51,0.127,12,Sea,0,NONE
106,177,866.47,11187.07,4.63,0.406,12,Air,0,NONE
106,195,675.67,11394.93,6.02,0.057,12,Road,0,NONE
106,197,224.84,3767.29,3.32,0.614,11,Road,0,NONE
106,207,670.44,14515.76,5.62,0.584,9,Air,0,NONE
106,212,223.75,3161.01,4.63,1.225,14,Road,0,NONE
106,237,230.45,5520.16,4.69,0.867,7,Sea,0,NONE
107,137,730.38,18073.14,4.91,1.919,13,Road,0,NONE
107,172,333.74,2769.53,5.29,0.278,16,Air,0,NONE
107,178,166.81,1436.6,5.05,0.154,17,Air,0,NONE
107,219,435.82,4117.05,5.46,0.39,7,Road,0,NONE
107,227,116.57,1250.96,7.59,0.02,12,Sea,0,NONE
107,246,653.24,6934.99,5.47,0.129,10,Rail,0,NONE
108,131,211.34,2764.03,6.55,1.476,12,Rail,0,NONE
108,134,370.92,5559.52,6.11,0.018,10,Air,0,NONE
108,139,291.11,5373.94,5.04,2.732,15,Road,0,NONE
108,155,392.41,6989.77,2.06,1.045,15,Sea,0,NONE
108,175,341.44,5399.71,4.46,0.633,12,Sea,0,NONE
108,182,503.48,11289.66,3.28,0.439,11,Sea,0,NONE
108,192,380.95,5963.52,4.62,2.528,12,Sea,0,NONE
108,224,280.53,3116.22,3.74,1.398,11,Air,0,NONE
108,232,810.09,11982.71,6.21,0.317,16,Air,0,NONE
108,242,386.17,7606.28,4.5,0.103,20,Road,0,NONE
109,141,647.57,7093.42,21.74,8.65,10,Sea,1,DELAY_CASCADE
109,147,315.74,5914.57,27.76,6.37,13,Road,1,DELAY_CASCADE
109,170,175.27,2500.77,5.42,11.64,12,Rail,1,DELAY_CASCADE
109,171,336.91,5736.14,2.84,11.73,22,Air,1,DELAY_CASCADE
109,174,214.98,3655.5,16.23,8.86,13,Air,1,DELAY_CASCADE
109,196,527.87,11082.88,15.45,9.49,15,Road,1,DELAY_CASCADE
109,198,462.95,10895.36,15.66,8.03,11,Rail,1,DELAY_CASCADE
109,211,224.17,2801.82,16.6,8.35,16,Air,1,DELAY_CASCADE
109,213,444.25,8271.26,18.68,10.41,14,Rail,1,DELAY_CASCADE
109,236,368.72,3960.27,14.08,6.35,15,Sea,1,DELAY_CASCADE
110,136,383.27,5217.75,5.18,0.183,18,Road,0,NONE
110,147,516.83,8419.42,5.64,0.734,16,Sea,0,NONE
110,150,257.85,6147.06,3.83,0.768,8,Sea,0,NONE
110,163,340.65,7897.18,6.7,0.052,18,Sea,0,NONE
110,170,164.05,3129.65,6.23,1.073,11,Sea,0,NONE
110,171,709.85,16421.37,3.86,0.271,12,Road,0,NONE
110,179,524.85,12162.61,4.56,0.435,16,Road,0,NONE
110,189,549.28,7629.96,6.55,0.405,10,Road,0,NONE
110,196,536.08,8321.79,3.47,0.838,20,Air,0,NONE
110,220,343.61,3338.72,2.68,0.147,12,Road,0,NONE
110,235,192.14,2609.11,2.9,0.188,7,Road,0,NONE
110,244,333.09,2951.12,6.17,0.444,10,Rail,0,NONE
111,154,520.45,4751.49,3.28,0.009,12,Air,0,NONE
111,173,376.95,3500.13,5.35,0.364,10,Rail,0,NONE
111,186,296.54,6765.38,3.71,0.894,16,Air,0,NONE
111,212,263.95,6593.88,5.19,0.316,10,Road,0,NONE
111,129,118.1,1175.97,0.69,1.718,12,Sea,1,ROUTE_HIJACK
112,135,480.16,5075.83,3.9,1.521,14,Sea,0,NONE
112,167,410.75,8271.38,4.26,1.383,16,Air,0,NONE
112,183,480.45,6010.66,5.16,0.736,11,Road,0,NONE
112,185,284.92,7019.01,3.35,1.553,15,Road,0,NONE
112,219,418.82,6661.35,6.23,1.504,6,Air,0,NONE
112,223,327.18,5339.49,6.27,1.083,13,Rail,0,NONE
112,225,616.58,6768.24,5.29,0.894,10,Rail,0,NONE
112,231,414.38,6786.72,7.57,0.285,14,Air,0,NONE
112,246,750.41,6445.57,3.7,0.398,15,Rail,0,NONE
113,138,663.27,11316.44,5.73,1.261,11,Sea,0,NONE
113,143,268.03,6113.84,6.09,0.875,15,Road,0,NONE
113,158,314.23,7322.03,6.05,0.739,12,Sea,0,NONE
113,162,364.52,7636.94,5.36,0.542,14,Rail,0,NONE
113,165,529.45,11131.09,6.13,1.496,14,Rail,0,NONE
113,166,346.13,4136.5,3.94,0.264,12,Road,0,NONE
113,188,142.81,1999.41,5.61,0.777,11,Air,0,NONE
113,191,619.04,8245.28,6.52,0.253,14,Rail,0,NONE
113,193,764.67,9263.49,7.07,1.002,7,Sea,0,NONE
113,200,254.15,4276.59,4.57,0.749,10,Rail,0,NONE
113,206,342.33,7986.69,3.95,0.182,12,Sea,0,NONE
113,221,437.11,7121.87,3.49,0.069,13,Sea,0,NONE
113,222,203.61,3616.64,1.52,0.88,11,Air,0,NONE
113,229,572.18,14208.31,6.56,0.299,11,Rail,0,NONE
113,230,155.63,3453.11,4.41,2.193,9,Sea,0,NONE
113,249,254.08,3201.65,7.0,0.068,16,Sea,0,NONE
114,157,203.89,3204.74,3.79,0.532,22,Sea,0,NONE
114,162,620.02,11005.37,4.49,2.5,9,Road,0,NONE
114,199,440.51,9798.91,4.53,1.566,16,Rail,0,NONE
114,200,656.52,13088.76,1.5,0.151,13,Rail,0,NONE
114,204,214.1,4345.95,6.26,0.614,17,Air,0,NONE
114,233,210.09,5182.96,8.62,0.193,16,Sea,0,NONE
114,248,520.96,10128.85,3.28,1.391,12,Rail,0,NONE
114,249,586.43,9353.96,5.34,0.773,12,Sea,0,NONE
114,116,677.95,10175.19,0.63,2.183,10,Air,1,ROUTE_HIJACK
115,138,260.06,4984.03,4.36,1.196,22,Rail,0,NONE
115,153,322.77,4528.82,5.25,0.908,11,Sea,0,NONE
115,158,318.56,5480.54,5.27,0.624,12,Sea,0,NONE
115,168,563.91,12557.65,3.45,0.003,10,Rail,0,NONE
115,200,182.28,4432.54,4.15,0.766,14,Air,0,NONE
115,221,299.92,6524.38,5.27,0.127,11,Rail,0,NONE
115,228,288.25,3467.02,5.54,0.905,12,Air,0,NONE
115,229,706.1,9791.11,5.21,0.024,19,Road,0,NONE
115,230,622.94,11103.44,6.17,1.878,6,Sea,0,NONE
116,136,552.35,5003.57,7.1,0.492,9,Air,0,NONE
116,141,476.01,7452.47,6.15,0.776,11,Air,0,NONE
116,147,398.66,3669.98,3.89,0.512,5,Road,0,NONE
116,161,355.32,8336.09,5.4,1.632,20,Road,0,NONE
116,170,308.89,4951.17,5.72,1.697,10,Rail,0,NONE
116,171,380.45,8447.19,3.5,0.012,12,Sea,0,NONE
116,189,702.54,8938.72,4.26,0.259,8,Sea,0,NONE
116,211,318.75,2761.19,5.74,0.879,11,Sea,0,NONE
116,213,770.03,9156.34,4.26,0.727,11,Sea,0,NONE
116,220,277.14,3312.58,6.58,0.111,10,Air,0,NONE
116,234,178.15,2513.06,5.98,1.388,17,Rail,0,NONE
116,236,134.46,1346.92,4.42,2.171,15,Rail,0,NONE
116,239,687.92,13425.71,4.16,0.448,15,Sea,0,NONE
117,150,340.75,7790.06,7.85,3.949,8,Sea,0,NONE
117,163,939.16,7818.49,5.29,0.518,15,Road,0,NONE
117,181,503.66,11528.74,6.79,0.62,11,Air,0,NONE
117,198,509.47,4964.06,5.01,0.399,13,Road,0,NONE
117,208,525.9,9861.03,5.47,0.136,13,Sea,0,NONE
117,213,201.83,4237.22,6.04,0.782,16,Sea,0,NONE
117,234,131.16,1166.95,3.71,0.942,12,Rail,0,NONE
117,235,629.73,9116.54,4.9,1.322,17,Road,0,NONE
117,239,766.16,9000.54,5.03,1.739,14,Sea,0,NONE
117,241,357.25,4958.11,5.63,0.89,12,Sea,0,NONE
118,135,326.79,4039.51,3.33,0.667,14,Sea,0,NONE
118,185,324.8,2661.44,4.89,0.973,23,Road,0,NONE
118,218,360.7,6606.71,4.32,1.703,18,Road,0,NONE
118,226,361.44,7564.81,6.33,0.134,13,Road,0,NONE
118,227,418.07,4577.67,3.66,0.382,16,Air,0,NONE
118,231,494.27,7335.42,3.32,1.727,11,Rail,0,NONE
118,238,311.89,2717.36,4.48,0.435,14,Road,0,NONE
118,240,498.29,8341.16,4.29,0.295,14,Air,0,NONE
118,243,585.48,7011.02,7.48,0.019,8,Sea,0,NONE
119,140,674.44,15507.22,3.22,0.01,14,Air,0,NONE
119,180,174.51,1948.26,4.98,0.322,17,Rail,0,NONE
119,186,523.74,9055.03,3.5,2.73,13,Sea,0,NONE
119,194,361.84,6626.96,3.93,0.894,13,Sea,0,NONE
119,195,591.16,8432.09,8.55,1.806,12,Air,0,NONE
119,215,563.35,4690.11,5.71,1.208,14,Air,0,NONE
119,237,108.7,2375.13,6.72,0.757,12,Road,0,NONE
119,115,284.4,4222.12,0.22,0.893,15,Sea,1,ROUTE_HIJACK
120,143,500.97,7815.13,6.66,0.633,8,Sea,0,NONE
120,162,770.13,19004.25,6.69,0.711,12,Sea,0,NONE
120,166,329.46,6222.88,1.99,3.09,14,Sea,0,NONE
120,168,270.76,3410.64,4.54,1.48,11,Rail,0,NONE
120,191,286.6,5331.37,4.59,0.836,10,Road,0,NONE
120,206,195.81,2796.75,2.79,0.499,15,Road,0,NONE
120,249,510.55,5833.49,2.18,2.18,14,Air,0,NONE
121,135,250.08,5657.47,4.56,0.984,13,Road,0,NONE
121,156,524.91,5471.75,4.54,0.134,14,Sea,0,NONE
121,172,204.19,4316.49,6.67,0.589,25,Sea,0,NONE
121,227,963.93,16066.26,5.33,0.557,5,Sea,0,NONE
121,243,279.81,4968.69,4.84,0.399,11,Air,0,NONE
121,246,371.45,5083.18,4.01,0.401,13,Air,0,NONE
122,167,289.89,3884.2,5.23,0.0,13,Air,0,NONE
122,178,125.87,1521.41,6.34,0.17,19,Road,0,NONE
122,187,600.27,14048.39,7.9,0.01,15,Rail,0,NONE
122,216,449.72,7695.08,5.69,0.536,12,Sea,0,NONE
122,219,452.45,5132.17,4.49,1.07,11,Road,0,NONE
122,226,273.67,3823.37,5.69,0.079,10,Rail,0,NONE
122,102,244.43,2393.76,0.67,0.705,13,Road,1,ROUTE_HIJACK
123,140,330.94,7655.99,5.29,0.166,13,Air,0,NONE
123,142,635.44,15660.31,3.64,0.902,11,Road,0,NONE
123,164,288.21,5920.89,6.28,1.437,16,Sea,0,NONE
123,169,346.43,4993.52,6.42,2.661,13,Rail,0,NONE
123,173,309.02,3767.65,4.73,0.529,16,Air,0,NONE
123,176,265.55,5414.76,3.37,0.08,12,Air,0,NONE
123,180,375.26,8175.06,6.06,1.445,11,Rail,0,NONE
123,214,478.37,7895.99,4.76,0.939,15,Road,0,NONE
123,215,259.16,4713.58,4.27,0.158,15,Air,0,NONE
124,156,524.93,7854.95,6.67,0.745,11,Sea,0,NONE
124,178,417.76,7440.81,5.23,0.353,16,Road,0,NONE
124,183,761.7,13144.16,6.47,0.988,9,Sea,0,NONE
124,223,332.83,3655.61,4.55,0.671,14,Road,0,NONE
124,231,248.2,3429.1,4.09,0.45,17,Road,0,NONE
125,145,594.22,11862.19,3.63,0.222,11,Air,0,NONE
125,146,298.29,6602.09,3.61,0.079,14,Road,0,NONE
125,151,342.84,8309.09,4.28,0.238,15,Sea,0,NONE
125,176,693.04,5686.89,5.53,0.007,10,Rail,0,NONE
125,214,492.2,4384.01,6.33,0.485,15,Sea,0,NONE
126,131,352.69,6635.79,4.48,0.422,17,Road,0,NONE
126,132,771.0,14166.31,5.59,0.856,21,Rail,0,NONE
126,144,451.05,9780.38,3.6,1.415,11,Sea,0,NONE
126,149,117.87,1978.01,4.54,1.298,14,Rail,0,NONE
126,155,514.8,6528.46,6.5,0.473,12,Sea,0,NONE
126,159,204.25,2309.77,4.75,0.252,11,Sea,0,NONE
126,160,939.45,10730.73,4.3,0.516,13,Air,0,NONE
126,175,339.7,3006.25,3.15,1.485,17,Air,0,NONE
126,182,505.78,12412.91,1.16,0.205,11,Air,0,NONE
126,184,593.27,14034.87,6.49,0.949,10,Sea,0,NONE
126,192,479.66,4668.1,3.47,0.007,12,Rail,0,NONE
126,209,245.17,2967.9,4.02,0.194,12,Sea,0,NONE
126,224,198.19,2839.4,5.99,0.867,9,Rail,0,NONE
126,242,696.17,6565.01,4.29,0.4,8,Sea,0,NONE
127,152,399.28,6291.08,3.67,0.434,16,Rail,0,NONE
127,154,455.04,8560.88,5.31,1.655,15,Road,0,NONE
127,164,255.06,3595.89,5.61,1.305,10,Air,0,NONE
127,207,497.63,4025.97,3.29,1.306,16,Road,0,NONE
127,212,319.24,7960.23,6.1,1.396,17,Sea,0,NONE
128,133,282.74,3618.3,3.68,1.894,10,Air,0,NONE
128,138,609.06,7845.47,5.54,0.805,16,Sea,0,NONE
128,165,248.76,3711.76,4.96,0.055,11,Air,0,NONE
128,188,267.0,3432.99,4.77,0.454,15,Rail,0,NONE
128,199,213.31,2356.53,5.54,0.947,10,Air,0,NONE
128,203,323.9,2971.4,4.92,0.514,14,Air,0,NONE
128,229,717.87,16093.02,6.48,2.352,10,Rail,0,NONE
128,245,354.53,8083.95,3.66,0.07,10,Road,0,NONE
129,133,247.89,3878.37,4.21,0.052,18,Sea,0,NONE
129,157,451.52,3849.77,3.35,0.019,16,Rail,0,NONE
129,165,132.39,2185.79,5.32,1.266,15,Rail,0,NONE
129,166,244.25,4042.96,5.5,0.477,14,Rail,0,NONE
129,193,430.75,5340.52,5.28,0.456,15,Sea,0,NONE
129,199,568.64,6109.0,6.38,0.07,18,Rail,0,NONE
129,201,432.9,4312.44,6.39,0.744,8,Road,0,NONE
129,206,277.99,6022.67,5.32,0.455,11,Air,0,NONE
129,221,130.28,2822.44,4.77,0.118,14,Rail,0,NONE
129,230,214.22,3340.59,5.45,0.557,10,Sea,0,NONE
161,45,290.61,5791.69,0.71,0.65,15,Road,1,ROUTE_HIJACK
