src,dst,avg_qty,avg_cost,lead_time_days,delay_variance,order_freq_per_qtr,transport_mode,is_anomaly,anomaly_type,predicted_prob,predicted_prob_calibrated,predicted_anomaly,isolation_forest_score,split
0,61,534.29,8998.07,3.17,0.633,18,Air,0,NONE,0.016909404,0.0013325614,0,0.15716053836703353,train
2,63,367.18,5606.12,7.35,0.021,8,Road,0,NONE,0.0022038387,8.3771425e-05,0,0.12955820140031876,test
2,65,226.98,4095.9,4.15,0.905,10,Air,0,NONE,0.0022410152,8.568689e-05,0,0.05665204078601911,train
2,67,623.77,11107.65,5.81,0.543,9,Rail,0,NONE,0.0021450755,8.0766986e-05,0,0.15709232129861436,train
3,76,303.55,5443.67,7.79,1.851,5,Sea,0,NONE,0.018772645,0.0015379114,0,0.2560254736324281,val
3,81,952.29,15106.33,4.53,1.101,13,Air,0,NONE,0.010517305,0.00069671485,0,0.5118045984398046,train
3,90,418.74,9730.56,5.49,0.438,11,Rail,0,NONE,0.014566088,0.0010865016,0,0.07040583766355368,train
3,97,777.27,17465.74,0.5,0.718,17,Sea,0,NONE,0.0482709,0.005703392,0,0.6599038745517067,train
3,99,448.48,8026.33,6.79,0.037,11,Air,0,NONE,0.010545776,0.00069928484,0,0.09921069061831117,val
4,60,0.84,17360.47,4.79,0.136,9,Rail,1,GHOST_SHIPMENT,0.941658,0.9315455,1,0.5964290647634639,val
4,69,0.71,28721.82,5.12,0.357,8,Road,1,GHOST_SHIPMENT,0.9998288,0.999974,1,0.7898962151716724,train
4,75,370.06,5908.78,3.5,0.046,8,Rail,0,NONE,0.009699656,0.00062402524,0,0.09239439537058078,train
4,90,446.65,6801.83,8.23,0.239,9,Sea,0,NONE,0.011557642,0.00079227256,0,0.1685551019720599,train
4,93,153.57,3618.6,5.67,2.834,20,Sea,0,NONE,0.19974588,0.046891373,0,0.37569691092512014,train
5,69,2.58,37959.94,6.02,0.042,13,Rail,1,GHOST_SHIPMENT,0.9999764,0.9999982,1,0.8812715230865928,train
5,73,375.44,5046.18,6.4,1.807,12,Air,0,NONE,0.018669214,0.0015262964,0,0.07440914842661256,val
5,76,638.92,15562.03,6.16,0.376,11,Rail,0,NONE,0.009736311,0.0006272371,0,0.29574878220315926,test
5,81,288.99,2747.68,3.81,0.103,13,Road,0,NONE,0.017764773,0.0014258003,0,0.07691607546087281,test
5,93,337.68,7549.52,6.41,0.03,14,Rail,0,NONE,0.013412074,0.00097062683,0,0.08259742638440437,train
5,97,2.45,17955.47,5.04,0.241,14,Road,1,GHOST_SHIPMENT,0.99659604,0.99852705,1,0.5648527481641,val
6,83,225.56,4145.84,5.96,0.134,13,Road,0,NONE,0.011284137,0.00076682644,0,0.05985147969360724,train
6,89,378.54,3698.27,4.21,0.846,10,Rail,0,NONE,0.008507892,0.00052210834,0,0.04968580492276765,train
7,74,386.59,8926.69,3.98,0.346,8,Road,0,NONE,0.038909066,0.0042147776,0,0.09921943752908886,train
9,80,0.5,32803.43,6.08,0.404,14,Sea,1,GHOST_SHIPMENT,0.99987435,0.99998283,1,0.8204272406545087,val
9,101,236.23,4674.62,0.66,0.965,13,Sea,1,ROUTE_HIJACK,0.97821176,0.9818424,1,0.23076810409998633,train
10,62,536.98,5387.61,5.44,0.999,16,Road,0,NONE,0.012572328,0.00088862923,0,0.08241118698954095,train
10,77,616.51,6508.55,4.3,0.721,13,Sea,0,NONE,0.008344261,0.0005085056,0,0.10549544875239811,val
10,87,484.92,8880.86,7.39,2.179,19,Rail,0,NONE,0.014308885,0.001060363,0,0.2732823603561864,test
10,95,381.52,7122.02,4.33,0.438,16,Road,0,NONE,0.014368802,0.0010664368,0,0.035104144201230356,train
12,85,646.34,10694.52,5.49,0.387,13,Air,0,NONE,0.013284046,0.000957997,0,0.138078203036355,train
13,61,304.14,4791.13,3.89,1.23,9,Sea,0,NONE,0.013789487,0.001008123,0,0.04716269455141938,train
13,85,480.54,10286.54,4.31,0.229,16,Rail,0,NONE,0.014329755,0.0010624775,0,0.1100139353293239,train
14,60,423.66,3537.56,6.52,2.803,17,Sea,0,NONE,0.057385214,0.007284125,0,0.2601477874331498,train
14,66,473.91,11337.9,3.63,0.118,11,Air,0,NONE,0.040208645,0.0044128927,0,0.15478112373027514,test
14,75,489.78,4618.56,7.04,0.966,7,Air,0,NONE,0.008109917,0.0004891945,0,0.15414213346992503,test
14,90,178.51,4306.29,4.18,1.623,13,Air,0,NONE,0.05657367,0.0071383067,0,0.13658958211763483,train
15,69,662.01,11106.62,6.24,0.312,16,Air,0,NONE,0.008543426,0.00052507507,0,0.19218468745064507,train
15,81,354.26,7340.32,4.67,0.163,10,Air,0,NONE,0.014472752,0.0010769962,0,0.042766974514259544,train
15,84,520.74,7811.7,5.87,1.42,22,Air,0,NONE,0.02412034,0.0021710114,0,0.19527647819815394,val
15,99,167.12,3278.2,2.45,4.681,12,Rail,0,NONE,0.09052808,0.014040253,0,0.4692645581652751,train
16,72,719.98,12437.99,3.14,2.271,18,Sea,0,NONE,0.027720027,0.0026308442,0,0.4396181611709751,val
16,74,622.68,13360.81,3.21,1.247,7,Air,0,NONE,0.030300088,0.0029759435,0,0.34237130973542795,val
16,91,228.49,2629.76,7.43,0.875,12,Air,0,NONE,0.025420744,0.0023341374,0,0.13402827658398386,train
17,91,507.91,8349.14,2.47,1.179,8,Sea,0,NONE,0.03201213,0.0032118033,0,0.18537688307282227,train
18,89,254.4,5131.62,4.87,0.201,10,Sea,0,NONE,0.011849474,0.0008196731,0,0.03441958268230756,train
19,72,438.49,10048.98,3.96,1.063,16,Road,0,NONE,0.037262004,0.003967771,0,0.11069713108006952,train
19,80,370.8,5860.54,6.19,3.131,13,Air,0,NONE,0.04889758,0.0058080168,0,0.1644297825844809,test
19,91,240.48,5753.77,3.71,0.025,10,Air,0,NONE,0.034118455,0.0035092733,0,0.1013982829811169,test
20,66,175.67,3573.33,6.79,1.819,14,Rail,0,NONE,0.02758839,0.0026135785,0,0.15683410556102298,train
20,84,718.41,7745.95,5.59,0.875,13,Rail,0,NONE,0.0102207605,0.00067010045,0,0.13771813358657525,val
20,97,314.62,6247.4,6.51,1.118,18,Road,0,NONE,0.04864358,0.0057655387,0,0.08974833519546811,test
21,80,190.23,1938.6,6.0,0.11,9,Road,0,NONE,0.026726473,0.0025013564,0,0.1695638208108844,train
22,64,370.14,4753.4,2.49,0.03,14,Road,0,NONE,0.015343959,0.0011666184,0,0.12629650558989533,train
22,77,130.74,2567.8,5.54,0.142,14,Road,0,NONE,0.014945781,0.0011254096,0,0.16562701202598346,test
22,78,354.87,7743.09,4.92,6.538,17,Air,0,NONE,0.850533,0.76936334,1,0.5088310867377805,test
22,87,291.77,7219.09,8.81,0.407,6,Rail,0,NONE,0.009773579,0.0006305069,0,0.26794589632669624,test
22,95,685.05,9610.23,3.49,0.213,5,Sea,0,NONE,0.008032097,0.0004828267,0,0.33009416522345864,test
22,96,593.66,7370.77,4.95,0.068,10,Sea,0,NONE,0.011086141,0.00074854813,0,0.10522872107331659,test
23,76,413.42,7199.85,5.02,2.787,13,Air,0,NONE,0.041294143,0.004580521,0,0.1539214779060595,test
23,84,339.33,8127.58,5.73,1.475,9,Rail,0,NONE,0.015989223,0.0012342687,0,0.08708103516951833,val
23,97,242.23,4267.51,5.88,1.277,17,Rail,0,NONE,0.017188055,0.00136274,0,0.08700782954683971,val
23,99,307.4,6612.66,3.47,0.069,15,Sea,0,NONE,0.014679267,0.0010980598,0,0.06719759283150417,train
24,62,224.69,4963.02,2.63,0.353,11,Rail,0,NONE,0.0153234545,0.0011644869,0,0.12170230117157473,train
24,77,894.05,10011.63,3.79,0.498,11,Sea,0,NONE,0.0068824836,0.00039145676,0,0.34395430597427307,train
24,78,247.76,4173.51,4.54,1.184,13,Rail,0,NONE,0.01220285,0.0008531916,0,0.035308439741824,val
24,87,471.4,3808.33,3.48,0.617,19,Road,0,NONE,0.013960397,0.0010252319,0,0.16503864973798807,train
24,95,269.95,4512.42,4.04,0.199,11,Air,0,NONE,0.012184384,0.0008514313,0,0.034608789797627014,train
25,74,432.2,7670.96,4.8,0.799,12,Air,0,NONE,0.030229606,0.0029663495,0,0.029093145594045012,test
26,67,332.51,4039.28,3.87,2.89,12,Road,0,NONE,0.0051388405,0.0002633917,0,0.16323431075634617,val
26,68,301.36,5263.46,6.28,2.201,15,Rail,0,NONE,0.0032480194,0.00014152723,0,0.1093960295988291,train
26,82,371.96,6371.93,7.22,0.707,16,Road,0,NONE,0.0031917368,0.00013821982,0,0.09306963803771158,test
26,88,345.61,7171.26,5.3,0.184,9,Rail,0,NONE,0.003264573,0.00014250385,0,0.04555797117311997,test
27,71,447.79,4119.48,6.36,0.823,20,Road,0,NONE,0.010734109,0.0007163505,0,0.1642757680686108,train
27,85,244.88,5133.15,4.48,1.377,8,Sea,0,NONE,0.018456714,0.0015025109,0,0.10228159669985355,train
28,90,1.51,33223.48,5.29,0.256,13,Sea,1,GHOST_SHIPMENT,0.9999881,0.9999993,1,0.8094361185115272,val
29,62,432.19,10708.38,4.42,1.184,9,Air,0,NONE,0.018032363,0.0014553311,0,0.1350104700838707,train
29,78,217.55,3982.31,4.79,0.208,15,Rail,0,NONE,0.011240426,0.0007627808,0,0.07208700979318185,train
29,94,640.6,13735.85,6.55,1.737,14,Air,0,NONE,0.019544479,0.0016253716,0,0.30468791330209505,train
29,95,219.57,3353.37,7.33,0.197,7,Sea,0,NONE,0.009381554,0.0005963433,0,0.17899715622202114,test
29,96,205.03,2422.5,5.3,0.719,14,Rail,0,NONE,0.015108779,0.0011422292,0,0.08085893816005274,train
30,63,322.39,3828.38,6.01,0.446,12,Road,0,NONE,0.002918675,0.00012247155,0,0.018891132968024017,train
31,68,414.69,4305.03,3.79,0.584,15,Sea,0,NONE,0.0024239097,9.527226e-05,0,0.0603587577635957,train
31,70,318.5,5521.73,4.52,1.003,15,Sea,0,NONE,0.0030478784,0.0001298607,0,0.0202432216027684,train
31,79,303.29,4233.97,4.49,0.713,12,Air,0,NONE,0.0026903527,0.00010969796,0,0.01390473032160258,train
31,86,210.65,5023.17,7.67,2.046,15,Air,0,NONE,0.00487499,0.00024523545,0,0.2179247909912312,train
31,92,782.33,11059.39,3.02,0.625,16,Air,0,NONE,0.00174387,6.105623e-05,0,0.3108471471488539,train
32,84,153.52,2106.59,4.1,0.915,16,Sea,0,NONE,0.02076293,0.0017662006,0,0.17384695797414257,train
32,90,196.17,3537.95,6.13,0.421,13,Sea,0,NONE,0.016120374,0.0012481486,0,0.07201595408555425,test
32,93,335.58,7529.24,4.89,0.2,19,Rail,0,NONE,0.015132988,0.0011447328,0,0.12245022521819658,train
33,81,383.35,3323.03,1.58,1.285,14,Sea,0,NONE,0.016863072,0.0013275614,0,0.16107103249498653,train
33,93,291.06,2709.28,3.44,1.032,6,Rail,0,NONE,0.013305183,0.0009600789,0,0.1759200576137412,train
34,67,352.29,8589.35,6.11,1.534,11,Rail,0,NONE,0.0032122477,0.00013942267,0,0.09218763652517192,train
34,68,680.9,13572.74,5.01,1.271,18,Road,0,NONE,0.0030843446,0.0001319667,0,0.3041579865000968,test
34,82,271.8,3491.72,4.27,0.152,18,Road,0,NONE,0.003370597,0.00014880074,0,0.11115934642090136,train
34,92,571.23,9381.53,4.06,0.226,15,Air,0,NONE,0.001899145,6.8513364e-05,0,0.11047347358310798,val
35,85,2.12,17585.85,5.25,0.326,14,Air,1,GHOST_SHIPMENT,0.9941057,0.9969061,1,0.531606767781632,train
36,89,464.45,9418.45,5.35,0.405,15,Rail,0,NONE,0.010514199,0.0006964347,0,0.06783423048918401,test
37,62,483.24,10202.02,6.33,0.062,11,Rail,0,NONE,0.0100259865,0.0006527745,0,0.12853756280914277,train
37,95,226.01,5437.95,8.46,0.146,20,Road,0,NONE,0.014117794,0.0010410586,0,0.3030602253956197,train
38,83,0.53,28507.49,4.13,0.15,14,Air,1,GHOST_SHIPMENT,0.999877,0.9999833,1,0.7778759973873177,train
39,67,515.2,6971.57,3.57,1.098,15,Road,0,NONE,0.00420414,0.0002006771,0,0.07860207388340741,val
39,68,182.27,3968.39,3.59,1.614,19,Air,0,NONE,0.004642712,0.00022954129,0,0.24439348284963822,train
39,70,873.29,10664.08,6.55,0.352,16,Air,0,NONE,0.0019487529,7.094237e-05,0,0.36405727572976654,train
39,105,358.32,4933.46,1.0,0.564,9,Road,1,ROUTE_HIJACK,0.7704971,0.6208388,1,0.2255635180679341,train
40,82,310.2,5887.84,4.0,0.677,14,Sea,0,NONE,0.0028100435,0.00011634813,0,0.01524001224231368,train
40,98,717.69,6992.2,5.26,0.056,11,Sea,0,NONE,0.0012365521,3.837906e-05,0,0.1760602912766628,val
41,91,715.83,6298.18,5.78,0.069,14,Sea,0,NONE,0.010833993,0.0007254467,0,0.1746578097503682,train
41,106,181.07,2417.93,0.89,0.081,12,Air,1,ROUTE_HIJACK,0.9190037,0.8942951,1,0.328899049747392,train
41,105,828.02,10956.44,0.43,0.761,14,Air,1,ROUTE_HIJACK,0.3360941,0.11322071,0,0.5161563386074689,test
42,63,250.32,5441.38,4.25,0.803,13,Rail,0,NONE,0.002831245,0.000117536736,0,0.03209027565597842,train
42,67,217.16,5258.9,5.72,1.971,12,Air,0,NONE,0.0044385754,0.00021597864,0,0.10671522179484344,test
42,86,535.74,5651.3,6.14,1.018,14,Sea,0,NONE,0.0017472317,6.121527e-05,0,0.07096403940000522,test
42,88,330.06,4991.1,4.65,0.695,14,Sea,0,NONE,0.003910629,0.0001819475,0,0.017137126064048363,val
43,61,286.93,3127.28,5.17,0.054,20,Road,0,NONE,0.015493999,0.0011822539,0,0.17562798181248257,train
43,85,305.2,4477.8,4.62,0.378,13,Road,0,NONE,0.020110922,0.0016904257,0,0.012749706567436878,test
43,89,76.54,849.04,2.89,0.826,12,Road,0,NONE,0.02691088,0.0025252432,0,0.3705643860543181,train
44,62,433.56,3936.92,6.46,0.298,11,Road,0,NONE,0.01081115,0.00072336354,0,0.07164132745433903,train
44,64,317.18,4280.2,3.8,0.585,15,Sea,0,NONE,0.012256564,0.00085831893,0,0.03950987199951387,test
44,87,154.15,3165.93,2.75,0.482,9,Road,0,NONE,0.024743577,0.0022487617,0,0.2047405720304352,test
44,96,1.45,30178.38,5.82,0.64,7,Air,1,GHOST_SHIPMENT,0.9999341,0.99999285,1,0.8239324113340346,train
45,80,213.52,4963.44,5.73,0.514,15,Road,0,NONE,0.029884735,0.0029195398,0,0.0759014139035303,test
46,71,732.47,6423.91,2.85,0.376,14,Road,0,NONE,0.008254366,0.00050107396,0,0.24322179964513985,train
46,83,2.63,38940.79,4.15,0.443,13,Air,1,GHOST_SHIPMENT,0.99999917,1.0,1,0.8750140367342651,test
47,94,170.95,3896.3,6.07,1.283,16,Sea,0,NONE,0.019158997,0.0015815189,0,0.12125215673565096,train
47,96,288.88,6651.28,4.44,1.136,15,Sea,0,NONE,0.01943917,0.0016133584,0,0.02913288080486717,train
48,61,278.91,5475.53,6.42,0.464,8,Sea,0,NONE,0.012701528,0.00090111484,0,0.07551998146213398,train
50,82,218.32,2191.06,4.02,1.77,14,Air,0,NONE,0.003896686,0.00018107005,0,0.13459897895342032,train
51,72,295.42,6606.44,5.31,0.019,17,Sea,0,NONE,0.026485955,0.0024703003,0,0.08257797283573694,train
51,91,261.43,3374.51,7.01,0.282,14,Rail,0,NONE,0.022247719,0.0019422531,0,0.08563222399173744,train
52,65,341.07,5566.44,5.45,3.395,10,Road,0,NONE,0.0047068084,0.00023384446,0,0.21478366750123437,val
52,70,252.44,6150.62,4.83,1.446,15,Air,0,NONE,0.0038741634,0.00017965486,0,0.0569655213131333,train
52,82,351.66,4262.82,3.57,0.251,12,Rail,0,NONE,0.0025003073,9.9353754e-05,0,0.04223564191279172,train
52,86,291.52,7026.79,5.42,0.564,14,Road,0,NONE,0.002744372,0.00011268653,0,0.022408556034861714,train
52,88,1.39,21362.03,3.8,4.614,13,Sea,1,GHOST_SHIPMENT,0.9877729,0.991695,1,0.8620953456787555,train
53,72,477.03,11848.81,3.93,0.426,12,Road,0,NONE,0.03884384,0.0042049065,0,0.14249829865825295,train
54,66,532.31,9282.68,3.15,0.603,10,Sea,0,NONE,0.019201046,0.0015862861,0,0.12966556799907383,test
54,69,255.07,2196.39,4.64,0.501,13,Road,0,NONE,0.013314726,0.00096101925,0,0.08265299618918351,val
54,75,297.7,7374.93,5.35,0.375,12,Sea,0,NONE,0.01202077,0.00083587476,0,0.02417051421715467,train
54,97,705.53,7189.91,6.81,0.14,13,Sea,0,NONE,0.009539299,0.0006100281,0,0.20917371418603642,train
55,61,298.84,5056.56,4.3,0.452,11,Rail,0,NONE,0.011566913,0.00079313904,0,0.013908811452640873,train
55,89,348.94,6142.09,7.08,0.465,12,Road,0,NONE,0.011015399,0.000742047,0,0.05358864686691724,train
57,66,426.31,4575.87,3.93,0.637,15,Air,0,NONE,0.01801747,0.0014536829,0,0.05456530145051838,train
57,73,476.09,7280.78,4.7,1.112,16,Road,0,NONE,0.013769412,0.0010061187,0,0.061236482427505505,test
57,75,269.91,5725.09,7.04,0.654,12,Rail,0,NONE,0.0098798135,0.00063985336,0,0.052177058562108074,test
58,63,177.9,4168.06,6.56,0.229,12,Road,0,NONE,0.0030547525,0.00013025694,0,0.115568062867838,train
58,65,1.91,27861.53,6.16,0.8,14,Sea,1,GHOST_SHIPMENT,0.8370932,0.7440492,1,0.7558492491372648,test
58,70,333.79,5459.99,7.81,0.513,9,Road,0,NONE,0.002749703,0.00011298264,0,0.12311858997043715,val
58,79,854.72,12700.45,7.63,0.115,14,Sea,0,NONE,0.001601023,5.439934e-05,0,0.47677266383986455,train
58,86,235.57,2892.89,3.41,1.913,14,Rail,0,NONE,0.0025361653,0.00010128493,0,0.13456280211400434,train
58,98,389.1,3820.41,5.37,2.637,11,Rail,0,NONE,0.002307415,8.913599e-05,0,0.14928621683529122,test
61,113,669.27,10059.35,4.8,0.914,9,Sea,0,NONE,0.019962046,0.0016732574,0,0.16145594244078632,val
61,114,900.47,22324.89,5.62,0.414,12,Sea,0,NONE,0.022901282,0.0020212529,0,0.6166589655576175,val
61,120,362.61,3523.76,4.42,0.57,14,Air,0,NONE,0.040253278,0.0044197463,0,0.03405453026376318,val
62,105,356.88,3041.02,4.61,1.622,15,Sea,0,NONE,0.03347998,0.003418265,0,0.08113727235829597,train
62,121,520.5,10891.4,5.16,0.194,22,Air,0,NONE,0.055851407,0.007009352,0,0.24922681461503182,val
62,124,645.78,7199.4,6.78,0.246,23,Air,0,NONE,0.02158221,0.0018627502,0,0.33967787386226067,train
63,126,551.52,6725.01,4.69,1.288,10,Rail,0,NONE,0.0030602554,0.00013057455,0,0.09458943573108183,train
64,118,373.07,8095.79,4.0,0.068,12,Air,0,NONE,0.11420242,0.019785505,0,0.051887741702174285,train
64,122,583.43,5048.56,4.87,0.811,14,Sea,0,NONE,0.0142431045,0.0010537067,0,0.08392261350704182,val
64,124,511.88,9530.77,3.12,0.104,14,Road,0,NONE,0.36336806,0.13050954,0,0.13934928835012106,train
65,103,491.75,9839.88,5.09,0.988,16,Air,0,NONE,0.00444435,0.00021635935,0,0.0764103012276605,train
65,108,645.76,5792.82,6.09,0.032,8,Sea,0,NONE,0.0023304515,9.034093e-05,0,0.20315769874285672,train
68,103,272.32,2549.44,5.17,1.36,12,Air,0,NONE,0.004617909,0.0002278818,0,0.0499559872893541,train
69,109,374.94,6285.94,8.13,0.12,15,Sea,0,NONE,0.020510199,0.001736716,0,0.14319544571868986,train
69,102,496.83,2560.24,6.06,0.745,109,Road,1,FRAUD_RING,0.9999981,1.0,1,0.8742925255035182,train
69,115,502.63,8351.01,4.94,0.011,81,Air,1,FRAUD_RING,0.9991536,0.9997751,1,0.6437621452207705,train
69,114,501.54,8892.7,1.69,0.872,115,Road,1,FRAUD_RING,0.99999964,1.0,1,0.8980218459765538,train
71,113,346.49,3401.43,2.61,2.636,13,Sea,0,NONE,0.1620676,0.033704385,0,0.19852451972020418,train
71,115,163.83,2238.12,6.04,1.049,13,Air,0,NONE,0.04573324,0.0052859928,0,0.12138448959096136,test
71,129,266.62,5781.56,6.17,0.552,7,Air,0,NONE,0.027855765,0.0026486837,0,0.0835419292950287,train
72,101,317.14,6724.09,5.85,1.145,14,Air,0,NONE,0.29809052,0.091525525,0,0.023842067429237775,test
72,102,176.64,2345.09,4.58,0.06,12,Road,0,NONE,0.42196515,0.1729847,0,0.14335928655586674,train
72,104,562.79,11501.71,4.02,1.643,11,Air,0,NONE,0.09043653,0.014019497,0,0.18834013393870205,train
72,111,576.45,9698.5,4.32,0.334,12,Rail,0,NONE,0.02851141,0.0027353521,0,0.08620514690308625,train
72,119,486.91,10357.94,3.97,4.218,9,Rail,0,NONE,0.057583924,0.007319975,0,0.397307279024445,train
72,123,556.27,9352.54,5.69,0.574,15,Sea,0,NONE,0.04386365,0.004985003,0,0.08624987859952724,test
72,125,554.39,8775.54,5.74,1.198,15,Air,0,NONE,0.022853822,0.0020154861,0,0.08387678154798503,train
72,127,244.79,4521.76,4.23,1.225,13,Rail,0,NONE,0.07115252,0.009903598,0,0.04594933422417898,train
73,110,438.21,9184.42,4.55,1.362,8,Rail,0,NONE,0.029087223,0.0028121448,0,0.11624550927940895,val
73,117,483.3,11564.51,2.25,0.405,12,Road,0,NONE,0.31947356,0.10340053,0,0.22272209494934944,val
74,102,369.44,6207.01,4.63,0.027,7,Rail,0,NONE,0.04619622,0.0053613884,0,0.09634268950685039,val
74,111,155.22,2226.69,7.46,0.773,13,Air,0,NONE,0.038077302,0.004089464,0,0.21060509125205398,val
74,119,189.42,1598.45,5.76,0.453,11,Air,0,NONE,0.046947803,0.0054845028,0,0.13936993458965363,train
74,123,268.03,5408.21,3.8,0.281,11,Road,0,NONE,0.5565113,0.30278933,1,0.04114791393341676,test
74,125,515.28,12747.72,4.86,1.036,17,Sea,0,NONE,0.030794073,0.0030434437,0,0.19171158691929988,train
75,100,416.99,7955.4,6.43,0.513,23,Road,0,NONE,0.0839624,0.012580766,0,0.24146347385834646,test
75,109,271.79,6046.79,5.23,0.55,14,Sea,0,NONE,0.06208507,0.0081476355,0,0.01804158465979271,train
75,110,456.47,8705.41,5.45,5.953,12,Air,0,NONE,0.85039824,0.7691097,1,0.4814496419096772,train
75,116,200.32,2121.55,6.82,0.589,14,Rail,0,NONE,0.019741045,0.0016478647,0,0.1420078074670013,test
76,100,509.62,12314.79,4.67,2.3,12,Sea,0,NONE,0.068226054,0.009324084,0,0.25115835847662793,val
76,110,257.56,4543.22,5.85,0.414,11,Sea,0,NONE,0.031454027,0.003134325,0,0.02724849334306845,val
77,105,152.84,2121.58,2.66,1.034,13,Rail,0,NONE,0.113970116,0.019725481,0,0.2001518792841752,train
77,107,419.0,8386.47,4.48,0.03,16,Road,0,NONE,0.141454,0.027329506,0,0.07899554932271736,train
77,112,479.51,4327.39,4.72,0.086,13,Air,0,NONE,0.034676846,0.0035894576,0,0.07694332085743387,test
77,118,468.19,11063.07,5.38,1.525,12,Air,0,NONE,0.072389595,0.010152192,0,0.11877361448098657,train
77,122,301.6,7310.91,4.0,0.932,12,Air,0,NONE,0.064144805,0.008536199,0,0.03467262330332719,train
78,105,161.8,3310.81,5.6,1.918,9,Rail,0,NONE,0.029636573,0.0028859933,0,0.17029528067055333,train
78,112,369.9,6314.63,7.08,1.341,18,Air,0,NONE,0.039800063,0.004350302,0,0.12329159687998366,test
78,118,403.58,8475.91,5.02,0.407,9,Rail,0,NONE,0.023429262,0.002085733,0,0.05762231831935826,train
80,101,456.17,10790.54,6.87,0.525,8,Rail,0,NONE,0.04720136,0.00552624,0,0.180780663045081,train
80,102,506.37,4708.78,8.6,0.97,80,Rail,1,FRAUD_RING,0.99829155,0.99941945,1,0.7381773372584468,train
80,106,266.94,2956.78,4.96,0.227,18,Road,0,NONE,0.23973909,0.063172504,0,0.10341827194743704,train
80,125,213.29,4922.26,2.99,1.354,19,Sea,0,NONE,0.059872374,0.007737068,0,0.19870667539901468,train
80,127,496.95,6557.39,3.77,1.024,18,Rail,0,NONE,0.045465976,0.005242625,0,0.0987074019786982,train
80,115,502.06,11360.2,3.91,0.087,103,Air,1,FRAUD_RING,0.99999607,0.9999999,1,0.8226595785499458,test
80,114,502.51,6541.28,7.67,1.171,89,Air,1,FRAUD_RING,0.9999405,0.9999937,1,0.738010969592962,test
81,100,208.13,2635.23,4.93,1.796,10,Air,0,NONE,0.054635886,0.0067940876,0,0.11672763952709611,train
82,108,382.38,5114.24,4.12,0.128,14,Rail,0,NONE,0.0036817663,0.00016768648,0,0.040391513194633716,train
83,113,397.91,5963.72,3.13,1.213,12,Sea,0,NONE,0.09320494,0.014652071,0,0.05741880779762152,test
83,114,255.14,6340.51,5.85,0.256,7,Rail,0,NONE,0.018776484,0.0015383427,0,0.09302825870043584,val
83,115,263.41,5691.15,5.35,1.697,15,Sea,0,NONE,0.054927822,0.006845583,0,0.05713043954870222,val
83,120,338.37,5089.2,5.81,1.173,13,Sea,0,NONE,0.027254522,0.0025699364,0,0.016993204580450075,val
83,129,285.95,6103.09,6.42,0.583,12,Sea,0,NONE,0.02117765,0.0018148897,0,0.028935437937330957,test
84,116,235.76,4916.64,6.97,1.27,19,Air,0,NONE,0.092747,0.014546717,0,0.17000187116392088,test
85,114,265.93,4947.84,8.33,0.147,10,Air,0,NONE,0.018320233,0.00148729,0,0.16974136775642393,train
85,128,115.77,1738.3,2.71,1.265,7,Sea,0,NONE,0.10255264,0.016864337,0,0.3559180337586702,train
86,108,316.17,7066.66,5.54,1.622,10,Air,0,NONE,0.004227559,0.00020219228,0,0.06842437914781589,train
87,105,837.13,12698.58,5.98,1.948,10,Road,0,NONE,0.021068858,0.001802081,0,0.4200498410121666,train
87,121,211.46,3661.51,6.79,0.083,13,Sea,0,NONE,0.02410656,0.0021693015,0,0.11053335974558841,train
87,124,557.74,12158.67,3.72,0.33,19,Road,0,NONE,0.38921475,0.14831254,0,0.24289257097921665,test
88,102,495.87,3577.71,9.3,0.735,108,Air,1,FRAUD_RING,0.9999964,0.9999999,1,0.9392763374733408,train
88,115,494.36,17341.59,5.37,0.903,90,Sea,1,FRAUD_RING,0.999977,0.9999982,1,0.8388120835211317,train
88,114,496.85,5116.91,7.15,1.044,102,Sea,1,FRAUD_RING,0.9999827,0.9999988,1,0.8214285347625077,train
89,113,454.75,3973.59,5.71,0.736,10,Rail,0,NONE,0.016957587,0.001337766,0,0.06647346642389697,train
89,114,197.67,3738.65,6.45,0.211,12,Rail,0,NONE,0.018240213,0.0014783865,0,0.09555662849861515,train
89,115,731.39,8236.69,3.35,0.351,7,Air,0,NONE,0.016752454,0.0013156472,0,0.27653073837651126,val
89,120,403.57,6844.36,3.43,1.741,12,Rail,0,NONE,0.034947667,0.0036285454,0,0.07947177935751867,val
89,128,636.8,12048.02,5.19,0.659,14,Air,0,NONE,0.019786673,0.0016530976,0,0.15931456294541443,train
90,109,349.73,8564.25,5.41,0.469,18,Sea,0,NONE,0.07631439,0.01095505,0,0.09330704863287406,train
91,101,464.86,7119.42,4.94,0.053,14,Road,0,NONE,0.3513369,0.12269884,0,0.04475467300606744,train
91,102,368.96,4781.12,6.18,1.211,8,Rail,0,NONE,0.036798652,0.0038991151,0,0.06998573125533818,test
91,104,295.8,5678.72,9.45,1.016,9,Road,0,NONE,0.04067655,0.0044849087,0,0.2084367800487154,test
91,106,614.89,8674.24,3.27,0.397,23,Road,0,NONE,0.3369202,0.113722645,0,0.317506403752538,val
91,111,665.12,8991.1,3.08,0.951,12,Sea,0,NONE,0.03632631,0.0038295065,0,0.16202184934334116,train
91,119,382.74,3749.45,3.19,0.773,15,Road,0,NONE,0.18453029,0.04132246,0,0.07313338452441302,train
91,125,438.92,6735.3,8.08,2.293,10,Sea,0,NONE,0.023575166,0.0021036551,0,0.22573877932274444,train
91,127,212.46,1827.19,3.82,2.537,12,Road,0,NONE,0.47310406,0.21662751,0,0.23895389446327983,train
92,126,358.69,7995.79,5.46,0.714,13,Road,0,NONE,0.004737234,0.0002358946,0,0.04056529505844408,val
93,110,440.02,3747.5,5.3,0.903,10,Road,0,NONE,0.03154686,0.003147173,0,0.0600340436961188,test
94,107,436.47,4751.41,1.86,1.412,12,Air,0,NONE,0.19820103,0.046310607,0,0.1530680948080456,test
95,107,431.26,5834.23,4.3,2.8,12,Road,0,NONE,0.10132551,0.016567217,0,0.1636894807348981,val
95,112,477.3,6311.84,5.27,0.298,14,Air,0,NONE,0.032497495,0.0032796424,0,0.03879870927307023,val
95,118,572.36,7946.48,5.08,1.383,19,Road,0,NONE,0.041883893,0.0046724062,0,0.13263136075453427,val
95,124,293.06,4986.39,4.03,3.128,14,Rail,0,NONE,0.06424792,0.00855581,0,0.16823536160407807,train
96,122,346.6,7117.48,1.55,0.401,13,Road,0,NONE,0.37275007,0.13680778,0,0.14540611297788564,train
98,103,267.44,4719.84,6.48,0.179,9,Sea,0,NONE,0.0039282157,0.00018305615,0,0.06770509771797613,train
98,126,751.54,14813.69,5.49,1.145,9,Rail,0,NONE,0.0029645872,0.00012508428,0,0.35828554835442317,val
99,116,820.89,19930.94,5.81,0.179,13,Air,0,NONE,0.031835727,0.0031872522,0,0.5206970761623284,train
99,117,398.36,4051.81,5.76,0.987,10,Air,0,NONE,0.019021591,0.0015659707,0,0.04664998615773669,train
100,136,400.28,6500.48,5.65,0.496,12,Air,0,NONE,0.00957511,0.00061314664,0,0.026591524145819553,val
100,141,315.56,5052.15,4.75,0.354,13,Sea,0,NONE,0.010436524,0.00068943703,0,0.01043068729219182,train
100,148,188.52,4621.72,4.67,0.175,14,Sea,0,NONE,0.014680303,0.0010981655,0,0.08527275985328571,val
100,174,250.0,3234.68,3.11,0.508,18,Sea,0,NONE,0.013617274,0.0009909648,0,0.15918741749900137,train
100,179,391.93,7000.54,5.88,0.582,16,Rail,0,NONE,0.010175151,0.0006660323,0,0.044947570050882915,train
100,189,347.03,6562.23,4.18,0.891,14,Air,0,NONE,0.011923036,0.00082662026,0,0.01944706009434573,train
100,190,145.45,2787.51,4.81,2.767,14,Road,0,NONE,0.06963073,0.009600733,0,0.24943014812486797,val
100,196,286.19,2396.09,6.29,0.287,13,Rail,0,NONE,0.008345614,0.00050861784,0,0.07199321809242094,train
100,202,453.37,6647.16,3.79,1.808,10,Air,0,NONE,0.014102875,0.0010395556,0,0.10703232789596431,test
100,208,672.17,7605.35,6.05,1.769,16,Sea,0,NONE,0.010339568,0.00068072946,0,0.19398247826993484,test
100,211,420.18,6449.65,4.19,0.025,10,Air,0,NONE,0.00943481,0.0006009541,0,0.07259146514156599,train
100,217,154.17,2761.76,5.81,0.719,11,Road,0,NONE,0.016657282,0.0013054202,0,0.12211167404187416,val
100,234,451.38,4934.88,8.12,0.671,11,Air,0,NONE,0.00863525,0.0005327625,0,0.1427475016970761,val
101,142,432.24,4742.98,4.4,1.451,11,Air,0,NONE,0.026211401,0.0024349887,0,0.05296724545953001,train
101,145,389.44,5101.07,6.43,1.783,9,Rail,0,NONE,0.02342248,0.0020849016,0,0.10303837749212691,train
101,176,358.85,4379.74,3.14,0.819,15,Air,0,NONE,0.029704891,0.0028952165,0,0.05926828485126856,train
101,194,438.91,5364.55,5.85,0.193,10,Rail,0,NONE,0.023015251,0.002035122,0,0.048122173256543936,test
101,237,325.65,6346.66,3.82,0.859,7,Sea,0,NONE,0.03062347,0.0030200807,0,0.08042153595745277,test
102,145,753.86,16213.86,5.12,4.312,17,Air,0,NONE,0.18027468,0.039824516,0,0.6622695958715822,test
102,146,416.06,5570.28,7.21,0.737,18,Rail,0,NONE,0.018447788,0.0015015139,0,0.12656474089030753,test
102,169,409.58,3612.17,4.57,0.357,21,Sea,0,NONE,0.018712698,0.0015311766,0,0.1731657027271889,train
102,197,327.17,3649.89,4.58,0.873,15,Road,0,NONE,0.027465537,0.002597494,0,0.030590902072482565,train
103,131,420.4,7563.95,4.27,0.326,17,Rail,0,NONE,0.0017608786,6.186202e-05,0,0.07172340025009433,train
103,132,340.65,3191.93,4.96,0.459,15,Road,0,NONE,0.0023105973,8.930223e-05,0,0.030002359904960543,train
103,139,245.34,3117.58,4.18,1.795,15,Sea,0,NONE,0.002761856,0.00011365844,0,0.10679117490376758,train
103,144,352.91,7262.38,4.67,1.563,11,Air,0,NONE,0.0024034737,9.41881e-05,0,0.055131904982361965,train
103,155,269.02,3849.6,7.38,0.933,12,Air,0,NONE,0.0018955574,6.833855e-05,0,0.07271871402045275,train
103,159,297.55,4626.46,4.69,0.411,14,Road,0,NONE,0.0024855991,9.856449e-05,0,0.013646168861243611,val
103,175,159.65,2888.23,5.69,0.061,22,Road,0,NONE,0.002577935,0.00010354658,0,0.31799453534260524,test
103,182,543.35,7773.18,5.87,1.858,16,Air,0,NONE,0.001978371,7.240305e-05,0,0.11699161374687957,train
103,192,476.98,8580.36,5.51,0.966,15,Air,0,NONE,0.0018615926,6.668943e-05,0,0.05272947804336763,val
103,205,596.69,6634.34,4.06,1.545,18,Sea,0,NONE,0.0025756755,0.00010342392,0,0.15923567067347733,train
103,209,182.84,3626.55,5.05,0.386,16,Sea,0,NONE,0.002359169,9.184891e-05,0,0.08991585029951599,test
103,224,385.12,5533.13,5.67,1.279,12,Air,0,NONE,0.0018877086,6.79565e-05,0,0.016922873140944504,test
103,232,554.02,11335.84,5.16,0.86,19,Sea,0,NONE,0.002234608,8.535595e-05,0,0.17826717948989076,val
103,242,191.48,3310.64,5.86,0.432,9,Rail,0,NONE,0.0016986858,5.8928985e-05,0,0.08396227975778711,val
103,125,299.41,6721.61,0.63,0.175,8,Air,1,ROUTE_HIJACK,0.17938623,0.039515037,0,0.29840299140386045,test
104,169,677.14,7339.0,6.39,0.999,15,Road,0,NONE,0.01763743,0.001411807,0,0.16913464588998015,val
104,247,188.84,4386.02,6.16,0.282,10,Air,0,NONE,0.031423222,0.003130065,0,0.08115918656521454,train
105,167,207.11,2612.53,5.1,0.549,11,Road,0,NONE,0.015336821,0.0011658764,0,0.07208164940272208,train
105,172,197.53,2586.91,2.8,0.832,12,Air,0,NONE,0.015704159,0.0012042508,0,0.12431456802784192,test
105,183,310.83,5175.66,5.38,0.369,19,Rail,0,NONE,0.01126704,0.0007652434,0,0.0885421762436259,val
105,185,493.89,7145.97,5.13,0.142,16,Air,0,NONE,0.00986094,0.0006381901,0,0.06505534531257386,train
105,210,214.64,4039.08,6.34,0.314,10,Air,0,NONE,0.016572244,0.0012963013,0,0.07497018597852467,train
105,223,304.68,4544.5,6.55,0.318,12,Sea,0,NONE,0.0102174515,0.0006698051,0,0.03830086528627959,test
105,225,314.41,2518.78,5.81,1.636,16,Rail,0,NONE,0.013012043,0.00093131646,0,0.1043223389126337,train
105,226,289.57,3156.93,7.08,0.025,10,Road,0,NONE,0.011646021,0.0008005435,0,0.12338087554445709,val
105,240,415.26,9284.83,4.63,0.452,12,Road,0,NONE,0.016006127,0.0012360553,0,0.05397296279259362,val
105,243,146.95,2535.13,7.24,0.258,15,Air,0,NONE,0.012169013,0.00084996613,0,0.21645542466873055,train
106,130,504.04,7751.32,4.88,0.729,19,Air,0,NONE,0.031871058,0.0031921645,0,0.09293308375732787,train
106,142,471.46,7880.58,3.5,0.027,11,Air,0,NONE,0.024593199,0.0022299297,0,0.09954742424834541,val
106,151,362.95,5506.31,6.25,1.002,14,Rail,0,NONE,0.02452606,0.0022215354,0,0.02148514392887853,train
106,173,435.0,7756.55,3.51,0.127,12,Sea,0,NONE,0.024821425,0.0022585294,0,0.07389834117752049,train
106,177,866.47,11187.07,4.63,0.406,12,Air,0,NONE,0.021308841,0.0018303703,0,0.30612125703490367,val
106,195,675.67,11394.93,6.02,0.057,12,Road,0,NONE,0.02415859,0.00217576,0,0.19937936173730458,train
106,197,224.84,3767.29,3.32,0.614,11,Road,0,NONE,0.040023923,0.004384559,0,0.0754114167972163,train
106,207,670.44,14515.76,5.62,0.584,9,Air,0,NONE,0.022769636,0.0020052677,0,0.2831413777027923,val
106,212,223.75,3161.01,4.63,1.225,14,Road,0,NONE,0.03593513,0.0037721489,0,0.06809398313365429,train
106,237,230.45,5520.16,4.69,0.867,7,Sea,0,NONE,0.030139899,0.0029541517,0,0.10564833997796164,train
107,137,730.38,18073.14,4.91,1.919,13,Road,0,NONE,0.023612719,0.0021082747,0,0.4528297016829706,test
107,172,333.74,2769.53,5.29,0.278,16,Air,0,NONE,0.010961039,0.00073706184,0,0.05104538819982876,test
107,178,166.81,1436.6,5.05,0.154,17,Air,0,NONE,0.013134609,0.0009433127,0,0.22300183607234944,train
107,219,435.82,4117.05,5.46,0.39,7,Road,0,NONE,0.010131636,0.000662157,0,0.09212529608932302,val
107,227,116.57,1250.96,7.59,0.02,12,Sea,0,NONE,0.009983561,0.0006490171,0,0.35587284582719597,train
107,246,653.24,6934.99,5.47,0.129,10,Rail,0,NONE,0.006437526,0.00035751282,0,0.1456790604443656,train
108,131,211.34,2764.03,6.55,1.476,12,Rail,0,NONE,0.001937565,7.039262e-05,0,0.11881740378313048,test
108,134,370.92,5559.52,6.11,0.018,10,Air,0,NONE,0.0018236275,6.48586e-05,0,0.046357482875927496,train
108,139,291.11,5373.94,5.04,2.732,15,Road,0,NONE,0.0038625968,0.00017892916,0,0.12382931089840934,train
108,155,392.41,6989.77,2.06,1.045,15,Sea,0,NONE,0.0022274272,8.4985506e-05,0,0.13205158631369293,train
108,175,341.44,5399.71,4.46,0.633,12,Sea,0,NONE,0.0018180929,6.459282e-05,0,0.00784588158900855,test
108,182,503.48,11289.66,3.28,0.439,11,Sea,0,NONE,0.0018238175,6.4867694e-05,0,0.13039688147685405,val
108,192,380.95,5963.52,4.62,2.528,12,Sea,0,NONE,0.0023469443,9.120618e-05,0,0.1169772319577992,train
108,224,280.53,3116.22,3.74,1.398,11,Air,0,NONE,0.0020641289,7.667591e-05,0,0.06656667595726976,test
108,232,810.09,11982.71,6.21,0.317,16,Air,0,NONE,0.0014587853,4.79757e-05,0,0.3360620905752132,train
108,242,386.17,7606.28,4.5,0.103,20,Road,0,NONE,0.0022732161,8.7355096e-05,0,0.15136536498094988,train
109,141,647.57,7093.42,21.74,8.65,10,Sea,1,DELAY_CASCADE,0.9999987,1.0,1,1.0,train
109,147,315.74,5914.57,27.76,6.37,13,Road,1,DELAY_CASCADE,0.9999999,1.0,1,0.9491604191684153,test
109,170,175.27,2500.77,5.42,11.64,12,Rail,1,DELAY_CASCADE,0.99984276,0.99997675,1,0.7798120941949276,val
109,171,336.91,5736.14,2.84,11.73,22,Air,1,DELAY_CASCADE,0.99992144,0.99999094,1,0.8751835136264362,test
109,174,214.98,3655.5,16.23,8.86,13,Air,1,DELAY_CASCADE,0.99999714,0.9999999,1,0.8783725579536134,train
109,196,527.87,11082.88,15.45,9.49,15,Road,1,DELAY_CASCADE,0.99999833,1.0,1,0.9099995016281471,val
109,198,462.95,10895.36,15.66,8.03,11,Rail,1,DELAY_CASCADE,0.999954,0.9999956,1,0.8276585242620442,val
109,211,224.17,2801.82,16.6,8.35,16,Air,1,DELAY_CASCADE,0.9999957,0.99999976,1,0.8676770095261253,train
109,213,444.25,8271.26,18.68,10.41,14,Rail,1,DELAY_CASCADE,0.99999976,1.0,1,0.9484726840660203,train
109,236,368.72,3960.27,14.08,6.35,15,Sea,1,DELAY_CASCADE,0.99900764,0.9997211,1,0.7227293869779093,train
110,136,383.27,5217.75,5.18,0.183,18,Road,0,NONE,0.01220838,0.00085371936,0,0.07692683402961857,train
110,147,516.83,8419.42,5.64,0.734,16,Sea,0,NONE,0.010377947,0.0006841723,0,0.06496989810032759,train
110,150,257.85,6147.06,3.83,0.768,8,Sea,0,NONE,0.013455826,0.0009749533,0,0.08683954847015246,test
110,163,340.65,7897.18,6.7,0.052,18,Sea,0,NONE,0.012141398,0.00084733637,0,0.14907383425514925,train
110,170,164.05,3129.65,6.23,1.073,11,Sea,0,NONE,0.012818457,0.000912455,0,0.10376217882199948,train
110,171,709.85,16421.37,3.86,0.271,12,Road,0,NONE,0.012340179,0.0008663169,0,0.36246972014570356,val
110,179,524.85,12162.61,4.56,0.435,16,Road,0,NONE,0.014248194,0.0010542214,0,0.15335274339617888,train
110,189,549.28,7629.96,6.55,0.405,10,Road,0,NONE,0.009480213,0.00060489244,0,0.11409040198482037,train
110,196,536.08,8321.79,3.47,0.838,20,Air,0,NONE,0.011365497,0.000774372,0,0.16314780627456033,test
110,220,343.61,3338.72,2.68,0.147,12,Road,0,NONE,0.014788207,0.0011092167,0,0.11243842450267001,train
110,235,192.14,2609.11,2.9,0.188,7,Road,0,NONE,0.015537052,0.0011867508,0,0.20430604625429935,val
110,244,333.09,2951.12,6.17,0.444,10,Rail,0,NONE,0.010449789,0.0006906307,0,0.05190725253468712,test
111,154,520.45,4751.49,3.28,0.009,12,Air,0,NONE,0.018293435,0.0014843069,0,0.13957358761421357,train
111,173,376.95,3500.13,5.35,0.364,10,Rail,0,NONE,0.014623715,0.0010923825,0,0.03931067804126698,train
111,186,296.54,6765.38,3.71,0.894,16,Air,0,NONE,0.03359267,0.0034342746,0,0.048836714262499754,train
111,212,263.95,6593.88,5.19,0.316,10,Road,0,NONE,0.025574856,0.0023536975,0,0.03316962287534621,test
111,129,118.1,1175.97,0.69,1.718,12,Sea,1,ROUTE_HIJACK,0.8090128,0.6913936,1,0.4698871219950763,val
112,135,480.16,5075.83,3.9,1.521,14,Sea,0,NONE,0.010832521,0.00072531257,0,0.07551898273442216,train
112,167,410.75,8271.38,4.26,1.383,16,Air,0,NONE,0.016749814,0.0013153633,0,0.06322442735349469,val
112,183,480.45,6010.66,5.16,0.736,11,Road,0,NONE,0.012105546,0.0008439256,0,0.04201162723338821,train
112,185,284.92,7019.01,3.35,1.553,15,Road,0,NONE,0.022407321,0.0019614617,0,0.08822125101775022,test
112,219,418.82,6661.35,6.23,1.504,6,Air,0,NONE,0.01134285,0.00077226956,0,0.1431976555085749,train
112,223,327.18,5339.49,6.27,1.083,13,Rail,0,NONE,0.011513623,0.0007881619,0,0.020634722747796905,val
112,225,616.58,6768.24,5.29,0.894,10,Rail,0,NONE,0.009405461,0.00059841207,0,0.11474456288594584,train
112,231,414.38,6786.72,7.57,0.285,14,Air,0,NONE,0.009391778,0.0005972278,0,0.10748625760155626,train
112,246,750.41,6445.57,3.7,0.398,15,Rail,0,NONE,0.0072847037,0.00042283686,0,0.22513243652897744,test
113,138,663.27,11316.44,5.73,1.261,11,Sea,0,NONE,0.0071186847,0.00040980589,0,0.1803892239267514,train
113,143,268.03,6113.84,6.09,0.875,15,Road,0,NONE,0.012594985,0.0008908151,0,0.03937978739045775,train
113,158,314.23,7322.03,6.05,0.739,12,Sea,0,NONE,0.009600584,0.0006153675,0,0.03654866015311086,train
113,162,364.52,7636.94,5.36,0.542,14,Rail,0,NONE,0.007975924,0.00047824415,0,0.023833120309613758,test
113,165,529.45,11131.09,6.13,1.496,14,Rail,0,NONE,0.008655815,0.0005344885,0,0.1360558403333049,test
113,166,346.13,4136.5,3.94,0.264,12,Road,0,NONE,0.009954829,0.0006464756,0,0.028320377128274763,test
113,188,142.81,1999.41,5.61,0.777,11,Air,0,NONE,0.009974766,0.00064823887,0,0.16807321790841678,train
113,191,619.04,8245.28,6.52,0.253,14,Rail,0,NONE,0.0059695146,0.0003227185,0,0.13900144483643284,test
113,193,764.67,9263.49,7.07,1.002,7,Sea,0,NONE,0.006047075,0.0003284186,0,0.3351464895858078,train
113,200,254.15,4276.59,4.57,0.749,10,Rail,0,NONE,0.008367185,0.0005104056,0,0.04398771713874022,train
113,206,342.33,7986.69,3.95,0.182,12,Sea,0,NONE,0.009433874,0.000600873,0,0.06035545874002373,train
113,221,437.11,7121.87,3.49,0.069,13,Sea,0,NONE,0.008578762,0.00052803,0,0.07047345182609412,train
113,222,203.61,3616.64,1.52,0.88,11,Air,0,NONE,0.01690498,0.0013320835,0,0.18678697719657736,train
113,229,572.18,14208.31,6.56,0.299,11,Rail,0,NONE,0.0068769087,0.00039102638,0,0.25363108092746006,train
113,230,155.63,3453.11,4.41,2.193,9,Sea,0,NONE,0.012924633,0.00092278665,0,0.2443187348461608,test
113,249,254.08,3201.65,7.0,0.068,16,Sea,0,NONE,0.007841311,0.00046731066,0,0.14124735598802532,test
114,157,203.89,3204.74,3.79,0.532,22,Sea,0,NONE,0.014066239,0.0010358671,0,0.26827144717262996,val
114,162,620.02,11005.37,4.49,2.5,9,Road,0,NONE,0.010674706,0.00071095553,0,0.31413946993800185,val
114,199,440.51,9798.91,4.53,1.566,16,Rail,0,NONE,0.010204179,0.0006686208,0,0.1189050084107085,train
114,200,656.52,13088.76,1.5,0.151,13,Rail,0,NONE,0.0079606995,0.0004770042,0,0.3795682290384938,test
114,204,214.1,4345.95,6.26,0.614,17,Air,0,NONE,0.013073448,0.00093732134,0,0.10370296551812834,test
114,233,210.09,5182.96,8.62,0.193,16,Sea,0,NONE,0.011599565,0.00079619297,0,0.23230608467790326,test
114,248,520.96,10128.85,3.28,1.391,12,Rail,0,NONE,0.011417612,0.00077921606,0,0.11780004971516637,val
114,249,586.43,9353.96,5.34,0.773,12,Sea,0,NONE,0.0066426164,0.00037305587,0,0.08356175648052051,train
114,116,677.95,10175.19,0.63,2.183,10,Air,1,ROUTE_HIJACK,0.30386803,0.09465183,0,0.4675065769902364,train
115,138,260.06,4984.03,4.36,1.196,22,Rail,0,NONE,0.010550061,0.00069967215,0,0.20461897840928417,train
115,153,322.77,4528.82,5.25,0.908,11,Sea,0,NONE,0.0113573875,0.000773619,0,0.012718491994064138,val
115,158,318.56,5480.54,5.27,0.624,12,Sea,0,NONE,0.009028271,0.0005660038,0,0.0,val
115,168,563.91,12557.65,3.45,0.003,10,Rail,0,NONE,0.008514962,0.00052269845,0,0.24916466763575862,val
115,200,182.28,4432.54,4.15,0.766,14,Air,0,NONE,0.011285743,0.0007669751,0,0.09415651210188633,test
115,221,299.92,6524.38,5.27,0.127,11,Rail,0,NONE,0.00803976,0.00048345284,0,0.029975227739229802,train
115,228,288.25,3467.02,5.54,0.905,12,Air,0,NONE,0.011717556,0.0008072555,0,0.02066276138276304,train
115,229,706.1,9791.11,5.21,0.024,19,Road,0,NONE,0.007366596,0.00042930484,0,0.2652509127364857,train
115,230,622.94,11103.44,6.17,1.878,6,Sea,0,NONE,0.007751157,0.0004600265,0,0.32831120191103647,train
116,136,552.35,5003.57,7.1,0.492,9,Air,0,NONE,0.006841237,0.00038827574,0,0.16073624935504177,train
116,141,476.01,7452.47,6.15,0.776,11,Air,0,NONE,0.008893272,0.0005545246,0,0.057242593010052835,test
116,147,398.66,3669.98,3.89,0.512,5,Road,0,NONE,0.010050048,0.0006549082,0,0.19266743084921154,train
116,161,355.32,8336.09,5.4,1.632,20,Road,0,NONE,0.061350342,0.008010516,0,0.1667197332266675,test
116,170,308.89,4951.17,5.72,1.697,10,Rail,0,NONE,0.010505669,0.00069566525,0,0.05824388178788541,train
116,171,380.45,8447.19,3.5,0.012,12,Sea,0,NONE,0.010597749,0.0007039832,0,0.09105776178568906,train
116,189,702.54,8938.72,4.26,0.259,8,Sea,0,NONE,0.0068924245,0.0003922244,0,0.21102445923495555,train
116,211,318.75,2761.19,5.74,0.879,11,Sea,0,NONE,0.009512861,0.0006077289,0,0.04252551211809311,test
116,213,770.03,9156.34,4.26,0.727,11,Sea,0,NONE,0.00734647,0.00042771277,0,0.22146642398355418,train
116,220,277.14,3312.58,6.58,0.111,10,Air,0,NONE,0.009662183,0.00062074675,0,0.08406356921586945,train
116,234,178.15,2513.06,5.98,1.388,17,Rail,0,NONE,0.012256697,0.0008583316,0,0.1531356475855263,val
116,236,134.46,1346.92,4.42,2.171,15,Rail,0,NONE,0.015764462,0.0012105838,0,0.31125852828716355,train
116,239,687.92,13425.71,4.16,0.448,15,Sea,0,NONE,0.010377285,0.000684113,0,0.2509995208659979,val
117,150,340.75,7790.06,7.85,3.949,8,Sea,0,NONE,0.3261603,0.107287996,0,0.41548771231167086,train
117,163,939.16,7818.49,5.29,0.518,15,Road,0,NONE,0.007442534,0.00043532584,0,0.3759502747048735,train
117,181,503.66,11528.74,6.79,0.62,11,Air,0,NONE,0.012624801,0.00089369423,0,0.1639991751998712,train
117,198,509.47,4964.06,5.01,0.399,13,Road,0,NONE,0.010385305,0.00068483315,0,0.05277535369867864,test
117,208,525.9,9861.03,5.47,0.136,13,Sea,0,NONE,0.009179713,0.0005789569,0,0.07932957471993712,train
117,213,201.83,4237.22,6.04,0.782,16,Sea,0,NONE,0.012425541,0.00087450305,0,0.09196005738562589,val
117,234,131.16,1166.95,3.71,0.942,12,Rail,0,NONE,0.011660169,0.00080186967,0,0.23069461060398894,train
117,235,629.73,9116.54,4.9,1.322,17,Road,0,NONE,0.012055704,0.00083919003,0,0.14613197962775198,val
117,239,766.16,9000.54,5.03,1.739,14,Sea,0,NONE,0.009770553,0.00063024135,0,0.24823431622543116,train
117,241,357.25,4958.11,5.63,0.89,12,Sea,0,NONE,0.012593923,0.00089071284,0,0.00919354235147278,train
118,135,326.79,4039.51,3.33,0.667,14,Sea,0,NONE,0.01152564,0.00078928325,0,0.04308063366268855,train
118,185,324.8,2661.44,4.89,0.973,23,Road,0,NONE,0.015441934,0.0011768215,0,0.23721017462397115,test
118,218,360.7,6606.71,4.32,1.703,18,Road,0,NONE,0.020513719,0.001737126,0,0.09691944769640168,val
118,226,361.44,7564.81,6.33,0.134,13,Road,0,NONE,0.01417216,0.0010465408,0,0.05678261740087019,train
118,227,418.07,4577.67,3.66,0.382,16,Air,0,NONE,0.010835649,0.0007255977,0,0.080238841649334,train
118,231,494.27,7335.42,3.32,1.727,11,Rail,0,NONE,0.010319393,0.00067892123,0,0.12034484907990602,train
118,238,311.89,2717.36,4.48,0.435,14,Road,0,NONE,0.015050968,0.001136256,0,0.0344920365731475,val
118,240,498.29,8341.16,4.29,0.295,14,Air,0,NONE,0.01265247,0.0008963682,0,0.05606402715628504,train
118,243,585.48,7011.02,7.48,0.019,8,Sea,0,NONE,0.0072764256,0.00042218438,0,0.21833688969092277,val
119,140,674.44,15507.22,3.22,0.01,14,Air,0,NONE,0.021645242,0.0018702389,0,0.3745583836243503,train
119,180,174.51,1948.26,4.98,0.322,17,Rail,0,NONE,0.020170178,0.001697273,0,0.17035836247981298,test
119,186,523.74,9055.03,3.5,2.73,13,Sea,0,NONE,0.030138928,0.00295402,0,0.2156497002741702,test
119,194,361.84,6626.96,3.93,0.894,13,Sea,0,NONE,0.02783631,0.0026461254,0,0.016099929602361056,train
119,195,591.16,8432.09,8.55,1.806,12,Air,0,NONE,0.020109484,0.00169026,0,0.2575519394775063,train
119,215,563.35,4690.11,5.71,1.208,14,Air,0,NONE,0.016107839,0.0012468202,0,0.09234243619994145,train
119,237,108.7,2375.13,6.72,0.757,12,Road,0,NONE,0.028944228,0.002793015,0,0.22425873830900825,train
119,115,284.4,4222.12,0.22,0.893,15,Sea,1,ROUTE_HIJACK,0.8429889,0.75515527,1,0.25354007593514666,train
120,143,500.97,7815.13,6.66,0.633,8,Sea,0,NONE,0.00660788,0.00037041077,0,0.11523799178355913,train
120,162,770.13,19004.25,6.69,0.711,12,Sea,0,NONE,0.0076457113,0.00045154602,0,0.4843725321542175,val
120,166,329.46,6222.88,1.99,3.09,14,Sea,0,NONE,0.016892884,0.001330778,0,0.25709660754587993,train
120,168,270.76,3410.64,4.54,1.48,11,Rail,0,NONE,0.00973758,0.0006273483,0,0.060013945843082714,train
120,191,286.6,5331.37,4.59,0.836,10,Road,0,NONE,0.010943886,0.00073549047,0,0.023340662801865204,train
120,206,195.81,2796.75,2.79,0.499,15,Road,0,NONE,0.013059489,0.0009359555,0,0.14978463987583873,train
120,249,510.55,5833.49,2.18,2.18,14,Air,0,NONE,0.009567077,0.0006124466,0,0.21302277851430892,test
121,135,250.08,5657.47,4.56,0.984,13,Road,0,NONE,0.015483413,0.0011811486,0,0.02905176400883694,train
121,156,524.91,5471.75,4.54,0.134,14,Sea,0,NONE,0.009684237,0.00062267575,0,0.06334590945197777,test
121,172,204.19,4316.49,6.67,0.589,25,Sea,0,NONE,0.015837621,0.0012182792,0,0.3093717678387019,train
121,227,963.93,16066.26,5.33,0.557,5,Sea,0,NONE,0.0065665506,0.00036727043,0,0.6125546928395098,test
121,243,279.81,4968.69,4.84,0.399,11,Air,0,NONE,0.012333474,0.00086567487,0,0.013487345246160092,train
121,246,371.45,5083.18,4.01,0.401,13,Air,0,NONE,0.011027994,0.00074320304,0,0.017478874355428935,train
122,167,289.89,3884.2,5.23,0.0,13,Air,0,NONE,0.010854155,0.00072728656,0,0.042699399591624554,train
122,178,125.87,1521.41,6.34,0.17,19,Road,0,NONE,0.014246185,0.001054018,0,0.337046588977117,val
122,187,600.27,14048.39,7.9,0.01,15,Rail,0,NONE,0.011596865,0.0007959404,0,0.39490361937248974,train
122,216,449.72,7695.08,5.69,0.536,12,Sea,0,NONE,0.013524156,0.0009817212,0,0.037053252070238116,train
122,219,452.45,5132.17,4.49,1.07,11,Road,0,NONE,0.011329819,0.0007710607,0,0.04566931949275047,train
122,226,273.67,3823.37,5.69,0.079,10,Rail,0,NONE,0.009295665,0.0005889278,0,0.0457667971945955,val
122,102,244.43,2393.76,0.67,0.705,13,Road,1,ROUTE_HIJACK,0.93399894,0.91933274,1,0.27524758639421865,train
123,140,330.94,7655.99,5.29,0.166,13,Air,0,NONE,0.026288755,0.0024449227,0,0.03808937163783852,train
123,142,635.44,15660.31,3.64,0.902,11,Road,0,NONE,0.033570495,0.0034311234,0,0.3030320975206146,train
123,164,288.21,5920.89,6.28,1.437,16,Sea,0,NONE,0.028036626,0.002672509,0,0.061540817409039925,val
123,169,346.43,4993.52,6.42,2.661,13,Rail,0,NONE,0.026565282,0.00248053,0,0.14657487278983172,train
123,173,309.02,3767.65,4.73,0.529,16,Air,0,NONE,0.025979947,0.002405337,0,0.04028497239837113,train
123,176,265.55,5414.76,3.37,0.08,12,Air,0,NONE,0.029530235,0.0028716542,0,0.06074252972789551,val
123,180,375.26,8175.06,6.06,1.445,11,Rail,0,NONE,0.024619265,0.0022331902,0,0.06462416160723057,train
123,214,478.37,7895.99,4.76,0.939,15,Road,0,NONE,0.028531084,0.0027379652,0,0.0493549060672167,val
123,215,259.16,4713.58,4.27,0.158,15,Air,0,NONE,0.028347801,0.0027136481,0,0.056290195070654025,val
124,156,524.93,7854.95,6.67,0.745,11,Sea,0,NONE,0.010012111,0.00065154483,0,0.09762100862027859,val
124,178,417.76,7440.81,5.23,0.353,16,Road,0,NONE,0.014303741,0.0010598424,0,0.03907938025023795,train
124,183,761.7,13144.16,6.47,0.988,9,Sea,0,NONE,0.008667107,0.0005354367,0,0.32870830899119124,train
124,223,332.83,3655.61,4.55,0.671,14,Road,0,NONE,0.014054691,0.0010347052,0,0.020948347653109763,train
124,231,248.2,3429.1,4.09,0.45,17,Road,0,NONE,0.01467451,0.001097573,0,0.08833038059622826,train
125,145,594.22,11862.19,3.63,0.222,11,Air,0,NONE,0.018134592,0.0014666582,0,0.18145492021728785,train
125,146,298.29,6602.09,3.61,0.079,14,Road,0,NONE,0.02878608,0.0027719038,0,0.05414240841399067,train
125,151,342.84,8309.09,4.28,0.238,15,Sea,0,NONE,0.02276666,0.002004907,0,0.0654821290642242,val
125,176,693.04,5686.89,5.53,0.007,10,Rail,0,NONE,0.0095118275,0.0006076388,0,0.21405016304322308,val
125,214,492.2,4384.01,6.33,0.485,15,Sea,0,NONE,0.01321629,0.00095133117,0,0.0942397195272639,test
126,131,352.69,6635.79,4.48,0.422,17,Road,0,NONE,0.0022176914,8.448381e-05,0,0.05203629698487564,val
126,132,771.0,14166.31,5.59,0.856,21,Rail,0,NONE,0.0017016359,5.9067275e-05,0,0.4081837030735879,train
126,144,451.05,9780.38,3.6,1.415,11,Sea,0,NONE,0.002231388,8.5189735e-05,0,0.1171104782250628,val
126,149,117.87,1978.01,4.54,1.298,14,Rail,0,NONE,0.0025376193,0.00010136339,0,0.20666274394082618,val
126,155,514.8,6528.46,6.5,0.473,12,Sea,0,NONE,0.0013862666,4.4783323e-05,0,0.07501238486544616,train
126,159,204.25,2309.77,4.75,0.252,11,Sea,0,NONE,0.0019565532,7.1326314e-05,0,0.1114469716856372,train
126,160,939.45,10730.73,4.3,0.516,13,Air,0,NONE,0.0012994349,4.10376e-05,0,0.3901349625645954,train
126,175,339.7,3006.25,3.15,1.485,17,Air,0,NONE,0.0021205118,7.951969e-05,0,0.14151860401418867,train
126,182,505.78,12412.91,1.16,0.205,11,Air,0,NONE,0.0021200266,7.949505e-05,0,0.3808897504437438,train
126,184,593.27,14034.87,6.49,0.949,10,Sea,0,NONE,0.0019148363,6.927928e-05,0,0.2702743089132542,train
126,192,479.66,4668.1,3.47,0.007,12,Rail,0,NONE,0.0013421841,4.287105e-05,0,0.12138424317945394,test
126,209,245.17,2967.9,4.02,0.194,12,Sea,0,NONE,0.0019827895,7.2621624e-05,0,0.05919388319889346,train
126,224,198.19,2839.4,5.99,0.867,9,Rail,0,NONE,0.0016691221,5.7547837e-05,0,0.09596163173080224,val
126,242,696.17,6565.01,4.29,0.4,8,Sea,0,NONE,0.0011505148,3.481828e-05,0,0.21942261100673494,train
127,152,399.28,6291.08,3.67,0.434,16,Rail,0,NONE,0.026070647,0.0024169441,0,0.055575305504033175,train
127,154,455.04,8560.88,5.31,1.655,15,Road,0,NONE,0.03452559,0.003567684,0,0.08224890618102676,test
127,164,255.06,3595.89,5.61,1.305,10,Air,0,NONE,0.023595981,0.0021062153,0,0.051691617860696294,train
127,207,497.63,4025.97,3.29,1.306,16,Road,0,NONE,0.029282099,0.002838277,0,0.1343030332950797,train
127,212,319.24,7960.23,6.1,1.396,17,Sea,0,NONE,0.030495945,0.0030026524,0,0.10641712872910908,train
128,133,282.74,3618.3,3.68,1.894,10,Air,0,NONE,0.011925294,0.00082683377,0,0.10487589228035614,val
128,138,609.06,7845.47,5.54,0.805,16,Sea,0,NONE,0.0063531925,0.00035117302,0,0.10837657443748679,train
128,165,248.76,3711.76,4.96,0.055,11,Air,0,NONE,0.007852593,0.00046822452,0,0.04741308474158416,val
128,188,267.0,3432.99,4.77,0.454,15,Rail,0,NONE,0.0078445915,0.00046757623,0,0.03697377676641165,train
128,199,213.31,2356.53,5.54,0.947,10,Air,0,NONE,0.008927245,0.00055740733,0,0.08411895572456597,train
128,203,323.9,2971.4,4.92,0.514,14,Air,0,NONE,0.009716269,0.0006254805,0,0.03190876712959048,train
128,229,717.87,16093.02,6.48,2.352,10,Rail,0,NONE,0.009036252,0.00056668447,0,0.49610418815702584,train
128,245,354.53,8083.95,3.66,0.07,10,Road,0,NONE,0.013115771,0.00094146625,0,0.0828216331841455,val
129,133,247.89,3878.37,4.21,0.052,18,Sea,0,NONE,0.011002778,0.0007408885,0,0.12826973108308096,train
129,157,451.52,3849.77,3.35,0.019,16,Rail,0,NONE,0.008255689,0.0005011831,0,0.1457929518028625,train
129,165,132.39,2185.79,5.32,1.266,15,Rail,0,NONE,0.009793323,0.00063224114,0,0.17334879349226162,val
129,166,244.25,4042.96,5.5,0.477,14,Rail,0,NONE,0.007965068,0.0004773599,0,0.034851359485010946,train
129,193,430.75,5340.52,5.28,0.456,15,Sea,0,NONE,0.008120202,0.00049003784,0,0.029029895186596877,train
129,199,568.64,6109.0,6.38,0.07,18,Rail,0,NONE,0.006139244,0.00033522677,0,0.16188917432727076,train
129,201,432.9,4312.44,6.39,0.744,8,Road,0,NONE,0.010810976,0.0007233477,0,0.09442260337319579,test
129,206,277.99,6022.67,5.32,0.455,11,Air,0,NONE,0.008683087,0.0005367796,0,0.011595527890074158,train
129,221,130.28,2822.44,4.77,0.118,14,Rail,0,NONE,0.008884245,0.0005537592,0,0.1582567888218172,train
129,230,214.22,3340.59,5.45,0.557,10,Sea,0,NONE,0.008489412,0.0005205674,0,0.05783587789459844,test
161,45,290.61,5791.69,0.71,0.65,15,Road,1,ROUTE_HIJACK,0.96308523,0.96296966,1,0.21558141772228256,train
